-- phpMyAdmin SQL Dump
-- version 4.9.1
-- https://www.phpmyadmin.net/
--
-- Host: 127.0.0.1
-- Generation Time: Jan 21, 2020 at 01:00 PM
-- Server version: 10.4.8-MariaDB
-- PHP Version: 7.3.11

SET SQL_MODE = "NO_AUTO_VALUE_ON_ZERO";
SET AUTOCOMMIT = 0;
START TRANSACTION;
SET time_zone = "+00:00";


/*!40101 SET @OLD_CHARACTER_SET_CLIENT=@@CHARACTER_SET_CLIENT */;
/*!40101 SET @OLD_CHARACTER_SET_RESULTS=@@CHARACTER_SET_RESULTS */;
/*!40101 SET @OLD_COLLATION_CONNECTION=@@COLLATION_CONNECTION */;
/*!40101 SET NAMES utf8mb4 */;

--
-- Database: `project_db`
--

-- --------------------------------------------------------

--
-- Table structure for table `admin`
--

CREATE TABLE `admin` (
  `id` int(10) NOT NULL,
  `name` varchar(30) NOT NULL,
  `Email` varchar(20) NOT NULL,
  `password` varchar(50) NOT NULL
) ENGINE=InnoDB DEFAULT CHARSET=utf8mb4;

--
-- Dumping data for table `admin`
--

INSERT INTO `admin` (`id`, `name`, `Email`, `password`) VALUES
(1, 'Sajid Khattak', 'sajid1996@gmail.com', '12345');

-- --------------------------------------------------------

--
-- Table structure for table `assignment`
--

CREATE TABLE `assignment` (
  `A_id` bigint(20) NOT NULL,
  `a_name` varchar(80) NOT NULL,
  `a_date` date NOT NULL,
  `a_time` bigint(20) NOT NULL,
  `at_marks` int(20) NOT NULL
) ENGINE=InnoDB DEFAULT CHARSET=utf8mb4;

--
-- Dumping data for table `assignment`
--

INSERT INTO `assignment` (`A_id`, `a_name`, `a_date`, `a_time`, `at_marks`) VALUES
(20, 'Histry Of Pakistan', '2019-12-10', 1576748621388073984, 50),
(21, 'Histry of JavaScript', '2019-12-04', 1576748771231247872, 30),
(22, 'c_plus plus', '2020-01-08', 1578559143028992000, 50),
(23, 'Histry Of Pakistan', '2020-01-08', 1579200070763761920, 500),
(29, 'Test2', '2020-01-18', 1579319881755011072, 500),
(37, 'opp', '2020-01-18', 1579372982953283072, 30),
(38, 'php', '2020-01-18', 1579372982963213056, 20),
(39, 'html', '2020-01-18', 1579372982969337088, 20),
(40, 'Histry Of Pakistan', '2020-01-21', 1579585978581965056, 12);

-- --------------------------------------------------------

--
-- Table structure for table `assignment_record`
--

CREATE TABLE `assignment_record` (
  `A_id` bigint(20) NOT NULL,
  `Subject_id` bigint(20) NOT NULL,
  `Class_id` bigint(20) NOT NULL,
  `S_id` bigint(30) NOT NULL,
  `ao_marks` int(10) NOT NULL
) ENGINE=InnoDB DEFAULT CHARSET=utf8mb4;

--
-- Dumping data for table `assignment_record`
--

INSERT INTO `assignment_record` (`A_id`, `Subject_id`, `Class_id`, `S_id`, `ao_marks`) VALUES
(20, 0, 1227, 0, 0),
(20, 0, 1227, 0, 0),
(20, 0, 1227, 0, 0),
(20, 0, 1227, 0, 0),
(20, 0, 1227, 0, 0),
(20, 0, 1227, 0, 0),
(20, 0, 1227, 0, 0),
(20, 0, 1227, 0, 0),
(20, 0, 1227, 0, 0),
(20, 0, 1227, 0, 0),
(20, 0, 1227, 8, 45),
(20, 0, 1227, 14, 35),
(20, 0, 1227, 10, 30),
(20, 0, 1227, 20, 10),
(20, 0, 1227, 21, 39),
(20, 0, 1227, 13, 35),
(20, 0, 1227, 3, 40),
(20, 0, 1227, 7, 45),
(20, 0, 1227, 5, 33),
(20, 0, 1227, 6, 22),
(21, 0, 1227, 16, 22),
(21, 0, 1227, 23, 10),
(21, 0, 1227, 15, 4),
(21, 0, 1227, 17, 20),
(21, 0, 1227, 22, 25),
(21, 0, 1227, 11, 23),
(21, 0, 1227, 18, 12),
(21, 0, 1227, 12, 21),
(21, 0, 1227, 9, 24),
(21, 0, 1227, 19, 25),
(21, 0, 1227, 8, 23),
(21, 0, 1227, 14, 29),
(21, 0, 1227, 10, 25),
(21, 0, 1227, 20, 26),
(21, 0, 1227, 21, 24),
(21, 0, 1227, 13, 23),
(21, 0, 1227, 3, 17),
(21, 0, 1227, 7, 18),
(21, 0, 1227, 5, 16),
(21, 0, 1227, 6, 15),
(22, 0, 1227, 16, 30),
(22, 0, 1227, 23, 45),
(22, 0, 1227, 15, 30),
(22, 0, 1227, 17, 45),
(22, 0, 1227, 22, 48),
(22, 0, 1227, 11, 12),
(22, 0, 1227, 18, 30),
(22, 0, 1227, 12, 40),
(22, 0, 1227, 9, 12),
(22, 0, 1227, 19, 30),
(22, 0, 1227, 8, 40),
(22, 0, 1227, 14, 14),
(22, 0, 1227, 10, 45),
(22, 0, 1227, 20, 46),
(22, 0, 1227, 21, 48),
(22, 0, 1227, 13, 30),
(22, 0, 1227, 3, 20),
(22, 0, 1227, 7, 15),
(22, 0, 1227, 5, 24),
(22, 0, 1227, 6, 25),
(23, 0, 1232, 24, 6000),
(24, 0, 1244, 28, 500),
(24, 0, 1244, 25, 10),
(24, 0, 1244, 26, 60),
(26, 0, 1244, 28, 20),
(26, 0, 1244, 25, 15),
(26, 0, 1244, 26, 10),
(27, 0, 1244, 28, 20),
(27, 0, 1244, 25, 10),
(27, 0, 1244, 26, 20),
(28, 0, 1244, 28, 200),
(28, 0, 1244, 25, 300),
(28, 0, 1244, 26, 15),
(29, 0, 1244, 28, 200),
(29, 0, 1244, 25, 442),
(29, 0, 1244, 26, 15),
(33, 0, 1244, 28, 88),
(33, 0, 1244, 25, 25),
(33, 0, 1244, 26, 22),
(34, 0, 1244, 28, 40),
(34, 0, 1244, 25, 36),
(34, 0, 1244, 26, 9),
(35, 0, 1244, 28, 5),
(35, 0, 1244, 25, 12),
(35, 0, 1244, 26, 3),
(37, 0, 1244, 28, 15),
(38, 0, 1244, 25, 20),
(39, 0, 1244, 26, 10),
(40, 0, 1244, 27, 4),
(40, 0, 1244, 28, 4),
(40, 0, 1244, 25, 5),
(40, 0, 1244, 26, 2);

-- --------------------------------------------------------

--
-- Table structure for table `attendence`
--

CREATE TABLE `attendence` (
  `AT_id` int(10) NOT NULL,
  `status` varchar(20) NOT NULL
) ENGINE=InnoDB DEFAULT CHARSET=utf8mb4;

--
-- Dumping data for table `attendence`
--

INSERT INTO `attendence` (`AT_id`, `status`) VALUES
(1, 'P'),
(2, 'A'),
(3, 'L');

-- --------------------------------------------------------

--
-- Table structure for table `attendence_record`
--

CREATE TABLE `attendence_record` (
  `AT_id` int(10) NOT NULL,
  `AT_date` date NOT NULL,
  `Class_id` bigint(30) NOT NULL,
  `S_id` bigint(30) NOT NULL
) ENGINE=InnoDB DEFAULT CHARSET=utf8mb4;

--
-- Dumping data for table `attendence_record`
--

INSERT INTO `attendence_record` (`AT_id`, `AT_date`, `Class_id`, `S_id`) VALUES
(1, '2019-11-01', 1227, 5),
(2, '2019-11-01', 1227, 6),
(1, '2019-11-01', 1227, 11),
(1, '2019-11-01', 1227, 8),
(2, '2019-11-01', 1227, 7),
(3, '2019-11-01', 1227, 10),
(1, '2019-11-01', 1227, 9),
(1, '2019-11-04', 1227, 5),
(2, '2019-11-04', 1227, 6),
(3, '2019-11-04', 1227, 11),
(1, '2019-11-04', 1227, 8),
(1, '2019-11-04', 1227, 7),
(2, '2019-11-04', 1227, 10),
(1, '2019-11-04', 1227, 9),
(1, '2019-11-05', 1227, 5),
(1, '2019-11-05', 1227, 6),
(2, '2019-11-05', 1227, 11),
(1, '2019-11-05', 1227, 8),
(1, '2019-11-05', 1227, 7),
(1, '2019-11-05', 1227, 10),
(3, '2019-11-05', 1227, 9),
(1, '2019-11-06', 1227, 5),
(1, '2019-11-06', 1227, 6),
(1, '2019-11-06', 1227, 11),
(1, '2019-11-06', 1227, 8),
(1, '2019-11-06', 1227, 7),
(1, '2019-11-06', 1227, 10),
(1, '2019-11-06', 1227, 9),
(1, '2019-11-07', 1227, 5),
(1, '2019-11-07', 1227, 6),
(3, '2019-11-07', 1227, 11),
(2, '2019-11-07', 1227, 8),
(1, '2019-11-07', 1227, 7),
(1, '2019-11-07', 1227, 10),
(1, '2019-11-07', 1227, 9),
(1, '2019-11-08', 1227, 5),
(1, '2019-11-08', 1227, 6),
(2, '2019-11-08', 1227, 11),
(1, '2019-11-08', 1227, 8),
(3, '2019-11-08', 1227, 7),
(1, '2019-11-08', 1227, 10),
(1, '2019-11-08', 1227, 9),
(2, '2019-12-09', 1227, 5),
(1, '2019-12-09', 1227, 6),
(1, '2019-12-09', 1227, 11),
(1, '2019-12-09', 1227, 8),
(3, '2019-12-09', 1227, 7),
(1, '2019-12-09', 1227, 10),
(1, '2019-12-09', 1227, 9),
(1, '2019-11-10', 1227, 5),
(1, '2019-11-10', 1227, 6),
(3, '2019-11-10', 1227, 11),
(1, '2019-11-10', 1227, 8),
(1, '2019-11-10', 1227, 7),
(2, '2019-11-10', 1227, 10),
(1, '2019-11-10', 1227, 9),
(1, '2019-11-11', 1227, 5),
(3, '2019-11-11', 1227, 6),
(1, '2019-11-11', 1227, 11),
(2, '2019-11-11', 1227, 8),
(1, '2019-11-11', 1227, 7),
(1, '2019-11-11', 1227, 10),
(1, '2019-11-11', 1227, 9),
(1, '2019-11-17', 1227, 16),
(1, '2019-11-17', 1227, 15),
(1, '2019-11-17', 1227, 17),
(2, '2019-11-17', 1227, 11),
(1, '2019-11-17', 1227, 8),
(2, '2019-11-17', 1227, 12),
(1, '2019-11-17', 1227, 7),
(1, '2019-11-17', 1227, 10),
(1, '2019-11-17', 1227, 9),
(2, '2019-11-17', 1227, 13),
(2, '2019-11-17', 1227, 5),
(1, '2019-11-17', 1227, 6),
(2, '2019-11-17', 1227, 14),
(1, '2019-11-20', 1227, 16),
(1, '2019-11-20', 1227, 15),
(1, '2019-11-20', 1227, 17),
(1, '2019-11-20', 1227, 11),
(1, '2019-11-20', 1227, 8),
(1, '2019-11-20', 1227, 12),
(1, '2019-11-20', 1227, 7),
(1, '2019-11-20', 1227, 10),
(1, '2019-11-20', 1227, 9),
(1, '2019-11-20', 1227, 13),
(1, '2019-11-20', 1227, 5),
(1, '2019-11-20', 1227, 6),
(1, '2019-11-20', 1227, 14),
(2, '2019-11-21', 1227, 16),
(2, '2019-11-21', 1227, 15),
(2, '2019-11-21', 1227, 17),
(2, '2019-11-21', 1227, 11),
(1, '2019-11-21', 1227, 8),
(1, '2019-11-21', 1227, 12),
(1, '2019-11-21', 1227, 7),
(1, '2019-11-21', 1227, 10),
(1, '2019-11-21', 1227, 9),
(1, '2019-11-21', 1227, 13),
(1, '2019-11-21', 1227, 5),
(1, '2019-11-21', 1227, 6),
(1, '2019-11-21', 1227, 14),
(1, '2019-11-22', 1227, 16),
(1, '2019-11-22', 1227, 23),
(1, '2019-11-22', 1227, 15),
(1, '2019-11-22', 1227, 17),
(1, '2019-11-22', 1227, 22),
(1, '2019-11-22', 1227, 11),
(1, '2019-11-22', 1227, 18),
(2, '2019-11-22', 1227, 12),
(1, '2019-11-22', 1227, 9),
(2, '2019-11-22', 1227, 19),
(1, '2019-11-22', 1227, 8),
(1, '2019-11-22', 1227, 14),
(2, '2019-11-22', 1227, 10),
(2, '2019-11-22', 1227, 20),
(1, '2019-11-22', 1227, 21),
(1, '2019-11-22', 1227, 13),
(3, '2019-11-22', 1227, 3),
(1, '2019-11-22', 1227, 7),
(2, '2019-11-22', 1227, 5),
(1, '2019-11-22', 1227, 6),
(1, '2019-12-22', 1227, 16),
(1, '2019-12-22', 1227, 23),
(1, '2019-12-22', 1227, 15),
(1, '2019-12-22', 1227, 17),
(1, '2019-12-22', 1227, 22),
(1, '2019-12-22', 1227, 11),
(1, '2019-12-22', 1227, 18),
(1, '2019-12-22', 1227, 12),
(1, '2019-12-22', 1227, 9),
(1, '2019-12-22', 1227, 19),
(1, '2019-12-22', 1227, 8),
(1, '2019-12-22', 1227, 14),
(1, '2019-12-22', 1227, 10),
(1, '2019-12-22', 1227, 20),
(1, '2019-12-22', 1227, 21),
(1, '2019-12-22', 1227, 13),
(1, '2019-12-22', 1227, 3),
(1, '2019-12-22', 1227, 7),
(1, '2019-12-22', 1227, 5),
(1, '2019-12-22', 1227, 6),
(1, '2019-12-23', 1227, 16),
(1, '2019-12-23', 1227, 23),
(1, '2019-12-23', 1227, 15),
(1, '2019-12-23', 1227, 17),
(1, '2019-12-23', 1227, 22),
(1, '2019-12-23', 1227, 11),
(1, '2019-12-23', 1227, 18),
(1, '2019-12-23', 1227, 12),
(1, '2019-12-23', 1227, 9),
(1, '2019-12-23', 1227, 19),
(1, '2019-12-23', 1227, 8),
(1, '2019-12-23', 1227, 14),
(1, '2019-12-23', 1227, 10),
(1, '2019-12-23', 1227, 20),
(1, '2019-12-23', 1227, 21),
(1, '2019-12-23', 1227, 13),
(1, '2019-12-23', 1227, 3),
(1, '2019-12-23', 1227, 7),
(1, '2019-12-23', 1227, 5),
(1, '2019-12-23', 1227, 6),
(1, '2019-11-23', 1227, 16),
(1, '2019-11-23', 1227, 23),
(1, '2019-11-23', 1227, 15),
(1, '2019-11-23', 1227, 17),
(1, '2019-11-23', 1227, 22),
(1, '2019-11-23', 1227, 11),
(1, '2019-11-23', 1227, 18),
(1, '2019-11-23', 1227, 12),
(1, '2019-11-23', 1227, 9),
(1, '2019-11-23', 1227, 19),
(1, '2019-11-23', 1227, 8),
(1, '2019-11-23', 1227, 14),
(1, '2019-11-23', 1227, 10),
(1, '2019-11-23', 1227, 20),
(1, '2019-11-23', 1227, 21),
(1, '2019-11-23', 1227, 13),
(1, '2019-11-23', 1227, 3),
(1, '2019-11-23', 1227, 7),
(1, '2019-11-23', 1227, 5),
(1, '2019-11-23', 1227, 6),
(2, '2019-11-24', 1227, 16),
(1, '2019-11-24', 1227, 23),
(2, '2019-11-24', 1227, 15),
(1, '2019-11-24', 1227, 17),
(1, '2019-11-24', 1227, 22),
(2, '2019-11-24', 1227, 11),
(1, '2019-11-24', 1227, 18),
(3, '2019-11-24', 1227, 12),
(3, '2019-11-24', 1227, 9),
(1, '2019-11-24', 1227, 19),
(1, '2019-11-24', 1227, 8),
(2, '2019-11-24', 1227, 14),
(3, '2019-11-24', 1227, 10),
(3, '2019-11-24', 1227, 20),
(2, '2019-11-24', 1227, 21),
(3, '2019-11-24', 1227, 13),
(2, '2019-11-24', 1227, 3),
(2, '2019-11-24', 1227, 7),
(1, '2019-11-24', 1227, 5),
(1, '2019-11-24', 1227, 6),
(1, '2019-11-25', 1227, 16),
(3, '2019-11-25', 1227, 23),
(2, '2019-11-25', 1227, 15),
(2, '2019-11-25', 1227, 17),
(1, '2019-11-25', 1227, 22),
(2, '2019-11-25', 1227, 11),
(1, '2019-11-25', 1227, 18),
(1, '2019-11-25', 1227, 12),
(3, '2019-11-25', 1227, 9),
(1, '2019-11-25', 1227, 19),
(2, '2019-11-25', 1227, 8),
(1, '2019-11-25', 1227, 14),
(3, '2019-11-25', 1227, 10),
(1, '2019-11-25', 1227, 20),
(1, '2019-11-25', 1227, 21),
(2, '2019-11-25', 1227, 13),
(2, '2019-11-25', 1227, 3),
(1, '2019-11-25', 1227, 7),
(3, '2019-11-25', 1227, 5),
(1, '2019-11-25', 1227, 6),
(1, '2019-11-26', 1227, 16),
(3, '2019-11-26', 1227, 23),
(1, '2019-11-26', 1227, 15),
(1, '2019-11-26', 1227, 17),
(1, '2019-11-26', 1227, 22),
(1, '2019-11-26', 1227, 11),
(2, '2019-11-26', 1227, 18),
(1, '2019-11-26', 1227, 12),
(1, '2019-11-26', 1227, 9),
(1, '2019-11-26', 1227, 19),
(1, '2019-11-26', 1227, 8),
(2, '2019-11-26', 1227, 14),
(1, '2019-11-26', 1227, 10),
(1, '2019-11-26', 1227, 20),
(1, '2019-11-26', 1227, 21),
(2, '2019-11-26', 1227, 13),
(1, '2019-11-26', 1227, 3),
(1, '2019-11-26', 1227, 7),
(1, '2019-11-26', 1227, 5),
(1, '2019-11-26', 1227, 6),
(1, '2019-11-27', 1227, 16),
(2, '2019-11-27', 1227, 23),
(2, '2019-11-27', 1227, 15),
(1, '2019-11-27', 1227, 17),
(2, '2019-11-27', 1227, 22),
(2, '2019-11-27', 1227, 11),
(2, '2019-11-27', 1227, 18),
(1, '2019-11-27', 1227, 12),
(2, '2019-11-27', 1227, 9),
(2, '2019-11-27', 1227, 19),
(2, '2019-11-27', 1227, 8),
(2, '2019-11-27', 1227, 14),
(2, '2019-11-27', 1227, 10),
(2, '2019-11-27', 1227, 20),
(1, '2019-11-27', 1227, 21),
(2, '2019-11-27', 1227, 13),
(2, '2019-11-27', 1227, 3),
(2, '2019-11-27', 1227, 7),
(2, '2019-11-27', 1227, 5),
(2, '2019-11-27', 1227, 6),
(1, '2019-11-28', 1227, 16),
(2, '2019-11-28', 1227, 23),
(2, '2019-11-28', 1227, 15),
(2, '2019-11-28', 1227, 17),
(2, '2019-11-28', 1227, 22),
(3, '2019-11-28', 1227, 11),
(3, '2019-11-28', 1227, 18),
(2, '2019-11-28', 1227, 12),
(2, '2019-11-28', 1227, 9),
(2, '2019-11-28', 1227, 19),
(3, '2019-11-28', 1227, 8),
(2, '2019-11-28', 1227, 14),
(3, '2019-11-28', 1227, 10),
(2, '2019-11-28', 1227, 20),
(3, '2019-11-28', 1227, 21),
(3, '2019-11-28', 1227, 13),
(3, '2019-11-28', 1227, 3),
(2, '2019-11-28', 1227, 7),
(2, '2019-11-28', 1227, 5),
(1, '2019-11-28', 1227, 6),
(1, '2019-11-29', 1227, 16),
(1, '2019-11-29', 1227, 23),
(1, '2019-11-29', 1227, 15),
(1, '2019-11-29', 1227, 17),
(1, '2019-11-29', 1227, 22),
(1, '2019-11-29', 1227, 11),
(1, '2019-11-29', 1227, 18),
(1, '2019-11-29', 1227, 12),
(1, '2019-11-29', 1227, 9),
(1, '2019-11-29', 1227, 19),
(1, '2019-11-29', 1227, 8),
(1, '2019-11-29', 1227, 14),
(1, '2019-11-29', 1227, 10),
(1, '2019-11-29', 1227, 20),
(1, '2019-11-29', 1227, 21),
(1, '2019-11-29', 1227, 13),
(1, '2019-11-29', 1227, 3),
(1, '2019-11-29', 1227, 7),
(1, '2019-11-29', 1227, 5),
(1, '2019-11-29', 1227, 6),
(1, '2019-11-02', 1227, 16),
(2, '2019-11-02', 1227, 23),
(2, '2019-11-02', 1227, 15),
(1, '2019-11-02', 1227, 17),
(1, '2019-11-02', 1227, 22),
(1, '2019-11-02', 1227, 11),
(1, '2019-11-02', 1227, 18),
(1, '2019-11-02', 1227, 12),
(1, '2019-11-02', 1227, 9),
(1, '2019-11-02', 1227, 19),
(2, '2019-11-02', 1227, 8),
(1, '2019-11-02', 1227, 14),
(1, '2019-11-02', 1227, 10),
(3, '2019-11-02', 1227, 20),
(3, '2019-11-02', 1227, 21),
(1, '2019-11-02', 1227, 13),
(1, '2019-11-02', 1227, 3),
(1, '2019-11-02', 1227, 7),
(2, '2019-11-02', 1227, 5),
(1, '2019-11-02', 1227, 6),
(1, '2019-11-03', 1227, 16),
(2, '2019-11-03', 1227, 23),
(1, '2019-11-03', 1227, 15),
(1, '2019-11-03', 1227, 17),
(1, '2019-11-03', 1227, 22),
(1, '2019-11-03', 1227, 11),
(1, '2019-11-03', 1227, 18),
(1, '2019-11-03', 1227, 12),
(1, '2019-11-03', 1227, 9),
(1, '2019-11-03', 1227, 19),
(1, '2019-11-03', 1227, 8),
(1, '2019-11-03', 1227, 14),
(1, '2019-11-03', 1227, 10),
(1, '2019-11-03', 1227, 20),
(1, '2019-11-03', 1227, 21),
(1, '2019-11-03', 1227, 13),
(1, '2019-11-03', 1227, 3),
(1, '2019-11-03', 1227, 7),
(1, '2019-11-03', 1227, 5),
(1, '2019-11-03', 1227, 6),
(1, '2019-11-09', 1227, 16),
(1, '2019-11-09', 1227, 23),
(1, '2019-11-09', 1227, 15),
(1, '2019-11-09', 1227, 17),
(2, '2019-11-09', 1227, 22),
(1, '2019-11-09', 1227, 11),
(2, '2019-11-09', 1227, 18),
(1, '2019-11-09', 1227, 12),
(1, '2019-11-09', 1227, 9),
(1, '2019-11-09', 1227, 19),
(1, '2019-11-09', 1227, 8),
(3, '2019-11-09', 1227, 14),
(3, '2019-11-09', 1227, 10),
(1, '2019-11-09', 1227, 20),
(1, '2019-11-09', 1227, 21),
(3, '2019-11-09', 1227, 13),
(3, '2019-11-09', 1227, 3),
(1, '2019-11-09', 1227, 7),
(1, '2019-11-09', 1227, 5),
(1, '2019-11-09', 1227, 6),
(1, '2019-11-12', 1227, 16),
(1, '2019-11-12', 1227, 23),
(1, '2019-11-12', 1227, 15),
(1, '2019-11-12', 1227, 17),
(1, '2019-11-12', 1227, 22),
(2, '2019-11-12', 1227, 11),
(2, '2019-11-12', 1227, 18),
(3, '2019-11-12', 1227, 12),
(3, '2019-11-12', 1227, 9),
(1, '2019-11-12', 1227, 19),
(1, '2019-11-12', 1227, 8),
(1, '2019-11-12', 1227, 14),
(1, '2019-11-12', 1227, 10),
(1, '2019-11-12', 1227, 20),
(1, '2019-11-12', 1227, 21),
(1, '2019-11-12', 1227, 13),
(1, '2019-11-12', 1227, 3),
(1, '2019-11-12', 1227, 7),
(1, '2019-11-12', 1227, 5),
(1, '2019-11-12', 1227, 6),
(2, '2019-11-13', 1227, 16),
(1, '2019-11-13', 1227, 23),
(1, '2019-11-13', 1227, 15),
(2, '2019-11-13', 1227, 17),
(1, '2019-11-13', 1227, 22),
(2, '2019-11-13', 1227, 11),
(2, '2019-11-13', 1227, 18),
(3, '2019-11-13', 1227, 12),
(3, '2019-11-13', 1227, 9),
(2, '2019-11-13', 1227, 19),
(2, '2019-11-13', 1227, 8),
(1, '2019-11-13', 1227, 14),
(2, '2019-11-13', 1227, 10),
(2, '2019-11-13', 1227, 20),
(2, '2019-11-13', 1227, 21),
(2, '2019-11-13', 1227, 13),
(1, '2019-11-13', 1227, 3),
(1, '2019-11-13', 1227, 7),
(2, '2019-11-13', 1227, 5),
(3, '2019-11-13', 1227, 6),
(1, '2019-11-14', 1227, 16),
(1, '2019-11-14', 1227, 23),
(1, '2019-11-14', 1227, 15),
(1, '2019-11-14', 1227, 17),
(1, '2019-11-14', 1227, 22),
(1, '2019-11-14', 1227, 11),
(1, '2019-11-14', 1227, 18),
(1, '2019-11-14', 1227, 12),
(1, '2019-11-14', 1227, 9),
(1, '2019-11-14', 1227, 19),
(1, '2019-11-14', 1227, 8),
(1, '2019-11-14', 1227, 14),
(1, '2019-11-14', 1227, 10),
(1, '2019-11-14', 1227, 20),
(1, '2019-11-14', 1227, 21),
(1, '2019-11-14', 1227, 13),
(1, '2019-11-14', 1227, 3),
(1, '2019-11-14', 1227, 7),
(1, '2019-11-14', 1227, 5),
(1, '2019-11-14', 1227, 6),
(1, '2019-11-15', 1227, 16),
(1, '2019-11-15', 1227, 23),
(1, '2019-11-15', 1227, 15),
(2, '2019-11-15', 1227, 17),
(2, '2019-11-15', 1227, 22),
(2, '2019-11-15', 1227, 11),
(1, '2019-11-15', 1227, 18),
(1, '2019-11-15', 1227, 12),
(2, '2019-11-15', 1227, 9),
(2, '2019-11-15', 1227, 19),
(2, '2019-11-15', 1227, 8),
(1, '2019-11-15', 1227, 14),
(1, '2019-11-15', 1227, 10),
(1, '2019-11-15', 1227, 20),
(1, '2019-11-15', 1227, 21),
(3, '2019-11-15', 1227, 13),
(3, '2019-11-15', 1227, 3),
(3, '2019-11-15', 1227, 7),
(2, '2019-11-15', 1227, 5),
(1, '2019-11-15', 1227, 6),
(1, '2019-11-16', 1227, 16),
(1, '2019-11-16', 1227, 23),
(1, '2019-11-16', 1227, 15),
(1, '2019-11-16', 1227, 17),
(1, '2019-11-16', 1227, 22),
(1, '2019-11-16', 1227, 11),
(1, '2019-11-16', 1227, 18),
(1, '2019-11-16', 1227, 12),
(1, '2019-11-16', 1227, 9),
(1, '2019-11-16', 1227, 19),
(1, '2019-11-16', 1227, 8),
(1, '2019-11-16', 1227, 14),
(1, '2019-11-16', 1227, 10),
(1, '2019-11-16', 1227, 20),
(1, '2019-11-16', 1227, 21),
(1, '2019-11-16', 1227, 13),
(1, '2019-11-16', 1227, 3),
(1, '2019-11-16', 1227, 7),
(1, '2019-11-16', 1227, 5),
(1, '2019-11-16', 1227, 6),
(1, '2019-11-18', 1227, 16),
(1, '2019-11-18', 1227, 23),
(1, '2019-11-18', 1227, 15),
(1, '2019-11-18', 1227, 17),
(1, '2019-11-18', 1227, 22),
(1, '2019-11-18', 1227, 11),
(1, '2019-11-18', 1227, 18),
(1, '2019-11-18', 1227, 12),
(1, '2019-11-18', 1227, 9),
(1, '2019-11-18', 1227, 19),
(1, '2019-11-18', 1227, 8),
(1, '2019-11-18', 1227, 14),
(1, '2019-11-18', 1227, 10),
(1, '2019-11-18', 1227, 20),
(1, '2019-11-18', 1227, 21),
(1, '2019-11-18', 1227, 13),
(1, '2019-11-18', 1227, 3),
(1, '2019-11-18', 1227, 7),
(1, '2019-11-18', 1227, 5),
(1, '2019-11-18', 1227, 6),
(1, '2019-11-19', 1227, 16),
(1, '2019-11-19', 1227, 23),
(1, '2019-11-19', 1227, 15),
(1, '2019-11-19', 1227, 17),
(1, '2019-11-19', 1227, 22),
(1, '2019-11-19', 1227, 11),
(1, '2019-11-19', 1227, 18),
(1, '2019-11-19', 1227, 12),
(1, '2019-11-19', 1227, 9),
(1, '2019-11-19', 1227, 19),
(1, '2019-11-19', 1227, 8),
(1, '2019-11-19', 1227, 14),
(1, '2019-11-19', 1227, 10),
(1, '2019-11-19', 1227, 20),
(1, '2019-11-19', 1227, 21),
(1, '2019-11-19', 1227, 13),
(1, '2019-11-19', 1227, 3),
(1, '2019-11-19', 1227, 7),
(1, '2019-11-19', 1227, 5),
(1, '2019-11-19', 1227, 6),
(1, '2019-12-30', 1227, 16),
(2, '2019-12-30', 1227, 23),
(1, '2019-12-30', 1227, 15),
(1, '2019-12-30', 1227, 17),
(1, '2019-12-30', 1227, 22),
(1, '2019-12-30', 1227, 11),
(1, '2019-12-30', 1227, 18),
(1, '2019-12-30', 1227, 12),
(1, '2019-12-30', 1227, 9),
(1, '2019-12-30', 1227, 19),
(1, '2019-12-30', 1227, 8),
(1, '2019-12-30', 1227, 14),
(1, '2019-12-30', 1227, 10),
(1, '2019-12-30', 1227, 20),
(1, '2019-12-30', 1227, 21),
(1, '2019-12-30', 1227, 13),
(1, '2019-12-30', 1227, 3),
(1, '2019-12-30', 1227, 7),
(1, '2019-12-30', 1227, 5),
(1, '2019-12-30', 1227, 6),
(1, '2019-12-31', 1227, 16),
(1, '2019-12-31', 1227, 15),
(1, '2019-12-31', 1227, 17),
(1, '2019-12-31', 1227, 22),
(2, '2019-12-31', 1227, 11),
(2, '2019-12-31', 1227, 18),
(2, '2019-12-31', 1227, 12),
(1, '2019-12-31', 1227, 9),
(1, '2019-12-31', 1227, 19),
(1, '2019-12-31', 1227, 8),
(1, '2019-12-31', 1227, 14),
(1, '2019-12-31', 1227, 10),
(1, '2019-12-31', 1227, 20),
(1, '2019-12-31', 1227, 21),
(1, '2019-12-31', 1227, 13),
(2, '2019-12-31', 1227, 3),
(2, '2019-12-31', 1227, 7),
(1, '2019-12-31', 1227, 5),
(1, '2019-12-31', 1227, 6),
(1, '2019-12-01', 1227, 16),
(2, '2019-12-01', 1227, 23),
(1, '2019-12-01', 1227, 15),
(1, '2019-12-01', 1227, 17),
(1, '2019-12-01', 1227, 22),
(1, '2019-12-01', 1227, 11),
(1, '2019-12-01', 1227, 18),
(1, '2019-12-01', 1227, 12),
(1, '2019-12-01', 1227, 9),
(1, '2019-12-01', 1227, 19),
(1, '2019-12-01', 1227, 8),
(1, '2019-12-01', 1227, 14),
(1, '2019-12-01', 1227, 10),
(1, '2019-12-01', 1227, 20),
(1, '2019-12-01', 1227, 21),
(1, '2019-12-01', 1227, 13),
(1, '2019-12-01', 1227, 3),
(1, '2019-12-01', 1227, 7),
(1, '2019-12-01', 1227, 5),
(1, '2019-12-01', 1227, 6),
(1, '2019-12-02', 1227, 16),
(2, '2019-12-02', 1227, 23),
(2, '2019-12-02', 1227, 15),
(1, '2019-12-02', 1227, 17),
(1, '2019-12-02', 1227, 22),
(1, '2019-12-02', 1227, 11),
(1, '2019-12-02', 1227, 18),
(2, '2019-12-02', 1227, 12),
(2, '2019-12-02', 1227, 9),
(1, '2019-12-02', 1227, 19),
(1, '2019-12-02', 1227, 8),
(1, '2019-12-02', 1227, 14),
(1, '2019-12-02', 1227, 10),
(2, '2019-12-02', 1227, 20),
(1, '2019-12-02', 1227, 21),
(2, '2019-12-02', 1227, 13),
(2, '2019-12-02', 1227, 3),
(1, '2019-12-02', 1227, 7),
(2, '2019-12-02', 1227, 5),
(2, '2019-12-02', 1227, 6),
(1, '2019-12-03', 1227, 16),
(3, '2019-12-03', 1227, 23),
(2, '2019-12-03', 1227, 15),
(1, '2019-12-03', 1227, 17),
(3, '2019-12-03', 1227, 22),
(2, '2019-12-03', 1227, 11),
(2, '2019-12-03', 1227, 18),
(2, '2019-12-03', 1227, 12),
(1, '2019-12-03', 1227, 9),
(2, '2019-12-03', 1227, 19),
(2, '2019-12-03', 1227, 8),
(2, '2019-12-03', 1227, 14),
(2, '2019-12-03', 1227, 10),
(2, '2019-12-03', 1227, 20),
(2, '2019-12-03', 1227, 21),
(2, '2019-12-03', 1227, 13),
(2, '2019-12-03', 1227, 3),
(2, '2019-12-03', 1227, 7),
(2, '2019-12-03', 1227, 5),
(2, '2019-12-03', 1227, 6),
(1, '2019-12-04', 1227, 16),
(1, '2019-12-04', 1227, 23),
(1, '2019-12-04', 1227, 15),
(1, '2019-12-04', 1227, 17),
(1, '2019-12-04', 1227, 22),
(1, '2019-12-04', 1227, 11),
(1, '2019-12-04', 1227, 18),
(1, '2019-12-04', 1227, 12),
(1, '2019-12-04', 1227, 9),
(1, '2019-12-04', 1227, 19),
(1, '2019-12-04', 1227, 8),
(1, '2019-12-04', 1227, 14),
(1, '2019-12-04', 1227, 10),
(1, '2019-12-04', 1227, 20),
(1, '2019-12-04', 1227, 21),
(1, '2019-12-04', 1227, 13),
(1, '2019-12-04', 1227, 3),
(1, '2019-12-04', 1227, 7),
(1, '2019-12-04', 1227, 5),
(1, '2019-12-04', 1227, 6),
(1, '2019-12-05', 1227, 16),
(1, '2019-12-05', 1227, 23),
(1, '2019-12-05', 1227, 15),
(1, '2019-12-05', 1227, 17),
(1, '2019-12-05', 1227, 22),
(1, '2019-12-05', 1227, 11),
(1, '2019-12-05', 1227, 18),
(1, '2019-12-05', 1227, 12),
(1, '2019-12-05', 1227, 9),
(1, '2019-12-05', 1227, 19),
(1, '2019-12-05', 1227, 8),
(1, '2019-12-05', 1227, 14),
(1, '2019-12-05', 1227, 10),
(1, '2019-12-05', 1227, 20),
(1, '2019-12-05', 1227, 21),
(1, '2019-12-05', 1227, 13),
(1, '2019-12-05', 1227, 3),
(1, '2019-12-05', 1227, 7),
(1, '2019-12-05', 1227, 5),
(1, '2019-12-05', 1227, 6),
(1, '2019-12-06', 1227, 16),
(1, '2019-12-06', 1227, 23),
(1, '2019-12-06', 1227, 15),
(1, '2019-12-06', 1227, 17),
(1, '2019-12-06', 1227, 22),
(1, '2019-12-06', 1227, 11),
(1, '2019-12-06', 1227, 18),
(1, '2019-12-06', 1227, 12),
(1, '2019-12-06', 1227, 9),
(1, '2019-12-06', 1227, 19),
(1, '2019-12-06', 1227, 8),
(1, '2019-12-06', 1227, 14),
(1, '2019-12-06', 1227, 10),
(1, '2019-12-06', 1227, 20),
(1, '2019-12-06', 1227, 21),
(1, '2019-12-06', 1227, 13),
(1, '2019-12-06', 1227, 3),
(1, '2019-12-06', 1227, 7),
(1, '2019-12-06', 1227, 5),
(1, '2019-12-06', 1227, 6),
(1, '2019-12-07', 1227, 16),
(1, '2019-12-07', 1227, 23),
(1, '2019-12-07', 1227, 15),
(1, '2019-12-07', 1227, 17),
(1, '2019-12-07', 1227, 22),
(1, '2019-12-07', 1227, 11),
(1, '2019-12-07', 1227, 18),
(1, '2019-12-07', 1227, 12),
(1, '2019-12-07', 1227, 9),
(1, '2019-12-07', 1227, 19),
(1, '2019-12-07', 1227, 8),
(1, '2019-12-07', 1227, 14),
(1, '2019-12-07', 1227, 10),
(1, '2019-12-07', 1227, 20),
(1, '2019-12-07', 1227, 21),
(1, '2019-12-07', 1227, 13),
(1, '2019-12-07', 1227, 3),
(1, '2019-12-07', 1227, 7),
(1, '2019-12-07', 1227, 5),
(1, '2019-12-07', 1227, 6),
(1, '2019-12-08', 1227, 16),
(2, '2019-12-08', 1227, 23),
(2, '2019-12-08', 1227, 15),
(1, '2019-12-08', 1227, 17),
(2, '2019-12-08', 1227, 22),
(2, '2019-12-08', 1227, 11),
(1, '2019-12-08', 1227, 18),
(2, '2019-12-08', 1227, 12),
(2, '2019-12-08', 1227, 9),
(1, '2019-12-08', 1227, 19),
(2, '2019-12-08', 1227, 8),
(2, '2019-12-08', 1227, 14),
(1, '2019-12-08', 1227, 10),
(1, '2019-12-08', 1227, 20),
(1, '2019-12-08', 1227, 21),
(1, '2019-12-08', 1227, 13),
(1, '2019-12-08', 1227, 3),
(1, '2019-12-08', 1227, 7),
(1, '2019-12-08', 1227, 5),
(1, '2019-12-08', 1227, 6),
(1, '2019-12-10', 1227, 16),
(1, '2019-12-10', 1227, 23),
(1, '2019-12-10', 1227, 15),
(1, '2019-12-10', 1227, 17),
(1, '2019-12-10', 1227, 22),
(1, '2019-12-10', 1227, 11),
(1, '2019-12-10', 1227, 18),
(1, '2019-12-10', 1227, 12),
(1, '2019-12-10', 1227, 9),
(1, '2019-12-10', 1227, 19),
(1, '2019-12-10', 1227, 8),
(1, '2019-12-10', 1227, 14),
(1, '2019-12-10', 1227, 10),
(1, '2019-12-10', 1227, 20),
(1, '2019-12-10', 1227, 21),
(1, '2019-12-10', 1227, 13),
(1, '2019-12-10', 1227, 3),
(1, '2019-12-10', 1227, 7),
(1, '2019-12-10', 1227, 5),
(1, '2019-12-10', 1227, 6),
(1, '2019-12-13', 1227, 16),
(1, '2019-12-13', 1227, 23),
(1, '2019-12-13', 1227, 15),
(1, '2019-12-13', 1227, 17),
(1, '2019-12-13', 1227, 22),
(1, '2019-12-13', 1227, 11),
(1, '2019-12-13', 1227, 18),
(1, '2019-12-13', 1227, 12),
(1, '2019-12-13', 1227, 9),
(1, '2019-12-13', 1227, 19),
(1, '2019-12-13', 1227, 8),
(1, '2019-12-13', 1227, 14),
(1, '2019-12-13', 1227, 10),
(1, '2019-12-13', 1227, 20),
(1, '2019-12-13', 1227, 21),
(1, '2019-12-13', 1227, 13),
(1, '2019-12-13', 1227, 3),
(1, '2019-12-13', 1227, 7),
(1, '2019-12-13', 1227, 5),
(1, '2019-12-13', 1227, 6),
(1, '2019-12-14', 1227, 16),
(1, '2019-12-14', 1227, 23),
(1, '2019-12-14', 1227, 15),
(1, '2019-12-14', 1227, 17),
(1, '2019-12-14', 1227, 22),
(1, '2019-12-14', 1227, 11),
(1, '2019-12-14', 1227, 18),
(1, '2019-12-14', 1227, 12),
(1, '2019-12-14', 1227, 9),
(1, '2019-12-14', 1227, 19),
(1, '2019-12-14', 1227, 8),
(1, '2019-12-14', 1227, 14),
(1, '2019-12-14', 1227, 10),
(1, '2019-12-14', 1227, 20),
(1, '2019-12-14', 1227, 21),
(1, '2019-12-14', 1227, 13),
(1, '2019-12-14', 1227, 3),
(1, '2019-12-14', 1227, 7),
(1, '2019-12-14', 1227, 5),
(1, '2019-12-14', 1227, 6),
(1, '2019-12-15', 1227, 16),
(1, '2019-12-15', 1227, 23),
(1, '2019-12-15', 1227, 15),
(1, '2019-12-15', 1227, 17),
(1, '2019-12-15', 1227, 22),
(1, '2019-12-15', 1227, 11),
(1, '2019-12-15', 1227, 18),
(1, '2019-12-15', 1227, 12),
(1, '2019-12-15', 1227, 9),
(1, '2019-12-15', 1227, 19),
(1, '2019-12-15', 1227, 8),
(1, '2019-12-15', 1227, 14),
(1, '2019-12-15', 1227, 10),
(1, '2019-12-15', 1227, 20),
(1, '2019-12-15', 1227, 21),
(1, '2019-12-15', 1227, 13),
(1, '2019-12-15', 1227, 3),
(1, '2019-12-15', 1227, 7),
(1, '2019-12-15', 1227, 5),
(1, '2019-12-15', 1227, 6),
(2, '2019-12-16', 1227, 16),
(3, '2019-12-16', 1227, 23),
(2, '2019-12-16', 1227, 15),
(2, '2019-12-16', 1227, 17),
(1, '2019-12-16', 1227, 22),
(1, '2019-12-16', 1227, 11),
(2, '2019-12-16', 1227, 18),
(2, '2019-12-16', 1227, 12),
(2, '2019-12-16', 1227, 9),
(2, '2019-12-16', 1227, 19),
(1, '2019-12-16', 1227, 8),
(3, '2019-12-16', 1227, 14),
(1, '2019-12-16', 1227, 10),
(1, '2019-12-16', 1227, 20),
(2, '2019-12-16', 1227, 21),
(2, '2019-12-16', 1227, 13),
(1, '2019-12-16', 1227, 3),
(1, '2019-12-16', 1227, 7),
(1, '2019-12-16', 1227, 5),
(1, '2019-12-16', 1227, 6),
(3, '2019-12-26', 1227, 23),
(1, '2019-11-01', 1227, 16),
(3, '2019-11-04', 1227, 16),
(2, '2019-11-05', 1227, 16),
(1, '2019-11-06', 1227, 16),
(2, '2019-11-07', 1227, 16),
(2, '2019-11-08', 1227, 16),
(2, '2019-11-10', 1227, 16),
(1, '2019-11-11', 1227, 16),
(1, '2019-11-30', 1227, 16),
(2, '2019-12-09', 1227, 16),
(2, '2019-12-11', 1227, 16),
(1, '2019-12-12', 1227, 16),
(1, '2019-12-17', 1227, 16),
(3, '2019-12-18', 1227, 16),
(3, '2019-12-19', 1227, 16),
(3, '2019-12-20', 1227, 16),
(3, '2019-12-21', 1227, 16),
(1, '2019-12-24', 1227, 16),
(3, '2019-12-25', 1227, 16),
(1, '2019-12-26', 1227, 16),
(2, '2019-12-27', 1227, 16),
(1, '2019-12-28', 1227, 16),
(1, '2019-12-29', 1227, 16),
(1, '2019-11-01', 1227, 23),
(2, '2019-11-04', 1227, 23),
(1, '2019-11-05', 1227, 23),
(1, '2019-11-06', 1227, 23),
(1, '2019-11-07', 1227, 23),
(2, '2019-11-08', 1227, 23),
(1, '2019-11-10', 1227, 23),
(1, '2019-11-11', 1227, 23),
(1, '2019-11-17', 1227, 23),
(1, '2019-11-20', 1227, 23),
(1, '2019-11-21', 1227, 23),
(1, '2019-11-30', 1227, 23),
(1, '2019-12-09', 1227, 23),
(1, '2019-12-11', 1227, 23),
(1, '2019-12-12', 1227, 23),
(1, '2019-12-17', 1227, 23),
(1, '2019-12-18', 1227, 23),
(1, '2019-12-19', 1227, 23),
(1, '2019-12-20', 1227, 23),
(1, '2019-12-21', 1227, 23),
(1, '2019-12-24', 1227, 23),
(1, '2019-12-25', 1227, 23),
(1, '2019-12-27', 1227, 23),
(1, '2019-12-28', 1227, 23),
(1, '2019-12-29', 1227, 23),
(1, '2019-12-31', 1227, 23);

-- --------------------------------------------------------

--
-- Table structure for table `class`
--

CREATE TABLE `class` (
  `Class_id` bigint(30) NOT NULL,
  `Name` varchar(30) NOT NULL,
  `Enrollment_key` varchar(50) NOT NULL DEFAULT '',
  `Class_session` varchar(30) DEFAULT NULL,
  `Start_date` date NOT NULL,
  `currenttime` varchar(15) NOT NULL,
  `Expire_date` date NOT NULL,
  `T_id` bigint(20) DEFAULT NULL
) ENGINE=InnoDB DEFAULT CHARSET=latin1;

--
-- Dumping data for table `class`
--

INSERT INTO `class` (`Class_id`, `Name`, `Enrollment_key`, `Class_session`, `Start_date`, `currenttime`, `Expire_date`, `T_id`) VALUES
(1225, 'msc_final', 'final2018', '2017-2018', '2019-12-16', '2019-12-30', '2019-12-15', 4),
(1226, 'Bscs', 'sajid96', '2019-2020', '2019-12-17', '2019-12-30', '2019-12-31', 4),
(1227, 'msc_final', 'cs-2019', '2019-2020`', '2019-12-17', '2019-12-30', '2020-02-29', 4),
(1229, 'bs_chemistry', 'msc-18', '2017-2018', '2019-12-21', '2019-12-30', '2020-06-18', 4),
(1231, 'BCS-1st-Semister', 'bcs-2019', '2019-2020', '2019-12-29', '2019-12-30', '2020-06-26', 4),
(1232, 'Bs_1st_Semister', 'bs1-2019', '2019-2020', '2019-12-29', '2019-12-30', '2020-06-26', 4),
(1240, 'MA-English', 'ma-2019', '2019-2020', '2019-12-30', '10:59:52 AM', '2019-12-31', 4),
(1241, 'msc_previous', 'kashif-2020', '2020-2021', '2020-01-03', '08:11:50 AM', '2020-07-01', 6),
(1242, 'bs_simister_1', 'bs2020', '2019-2020', '2020-01-07', '11:46:12 AM', '2020-07-05', 7),
(1243, 'Testing Class for Csv', 'Angular2019', '2018-2019', '2020-01-13', '11:00:21 AM', '2020-07-11', 4),
(1244, 'Faheem', 'uop', '2020', '2020-01-14', '10:03:18 PM', '2020-07-12', 14),
(1245, 'MA-English', 'ma-2020', '2019-2020', '2020-01-17', '05:22:28 PM', '2020-07-15', 0);

-- --------------------------------------------------------

--
-- Table structure for table `have`
--

CREATE TABLE `have` (
  `Subject_id` bigint(20) NOT NULL,
  `Class_id` bigint(30) NOT NULL,
  `S_id` bigint(30) NOT NULL
) ENGINE=InnoDB DEFAULT CHARSET=utf8mb4;

--
-- Dumping data for table `have`
--

INSERT INTO `have` (`Subject_id`, `Class_id`, `S_id`) VALUES
(2, 1225, 0),
(3, 1226, 3),
(1, 1227, 5),
(1, 1227, 6),
(1, 1227, 7),
(1, 1227, 8),
(1, 1227, 9),
(1, 1227, 10),
(1, 1227, 11),
(1, 1227, 12),
(1, 1227, 13),
(1, 1227, 14),
(1, 1227, 15),
(1, 1227, 16),
(1, 1227, 17),
(1, 1227, 3),
(1, 1227, 18),
(1, 1227, 19),
(1, 1227, 20),
(1, 1227, 21),
(1, 1227, 22),
(1, 1227, 23),
(5, 1229, 3),
(7, 1231, 3),
(8, 1232, 24),
(9, 1240, 0),
(11, 1241, 0),
(12, 1242, 0),
(5, 1243, 0),
(13, 1244, 25),
(13, 1244, 26),
(13, 1244, 27),
(13, 1244, 28),
(14, 1245, 0);

-- --------------------------------------------------------

--
-- Table structure for table `links`
--

CREATE TABLE `links` (
  `L_id` int(20) NOT NULL,
  `link` varchar(300) NOT NULL,
  `description` varchar(200) NOT NULL,
  `ldate` date NOT NULL,
  `Class_id` bigint(30) NOT NULL
) ENGINE=InnoDB DEFAULT CHARSET=utf8mb4;

--
-- Dumping data for table `links`
--

INSERT INTO `links` (`L_id`, `link`, `description`, `ldate`, `Class_id`) VALUES
(5, 'https://www.google.com/', 'google', '2019-12-17', 1226),
(6, 'https://cs.stanford.edu/people/eroberts/courses/soco/projects/1998-99/robotics/history.html', 'Histry of Robot', '2019-12-17', 1226),
(7, 'https://fontawesome.com/', 'font awesome icons', '2019-12-28', 1227),
(9, 'https://www.w3resource.com/php/function-reference/array_unique.php', 'PHP: Removes duplicate values from an array', '2019-12-29', 1229),
(10, 'https://fontawesome.com/', 'special icon links', '2019-12-29', 1229);

-- --------------------------------------------------------

--
-- Table structure for table `notification`
--

CREATE TABLE `notification` (
  `id` int(20) NOT NULL,
  `title` varchar(200) NOT NULL,
  `msg` varchar(800) NOT NULL,
  `cdate` date NOT NULL,
  `expire_date` date NOT NULL,
  `Class_id` bigint(30) NOT NULL
) ENGINE=InnoDB DEFAULT CHARSET=utf8mb4;

--
-- Dumping data for table `notification`
--

INSERT INTO `notification` (`id`, `title`, `msg`, `cdate`, `expire_date`, `Class_id`) VALUES
(2, 'Robotic', 'Robotics is an interdisciplinary branch of engineering and science that includes mechanical engineering, electronic engineering, information engineering, computer science, and others. Robotics deals with the design, construction, operation, and use of robots, as well as computer systems for their co', '2019-12-18', '2019-12-28', 1226),
(3, 'What is CSV file?', 'CSV is a simple file format used to store tabular data, such as a spreadsheet or database. Files in the CSV format can be imported to and exported from programs that store data in tables, such as Microsoft Excel or OpenOffice Calc. CSV stands for \"comma-separated values\".', '2019-12-19', '2019-12-29', 1226),
(12, 'What is CSV file?', 'CSV Stand for Comma , Saperated , Value file  and are the microsoft exel file.', '2019-12-28', '2020-01-07', 1227),
(13, 'main components of communication process ', '1.	Context - Communication is affected by the context in which it takes place. This context may be physical, social, chronological or cultural. Every communication proceeds with context. The sender chooses the message to communicate within a context.\r\n2.	Sender / Encoder - Sender / Encoder is a person who sends the message. A sender makes use of symbols (words or graphic or visual aids) to convey the message and produce the required response. For instance - a training manager conducting training for new batch of employees. Sender may be an individual or a group or an organization. The views, background, approach, skills, competencies, and knowledge of the sender have a great impact on the message. The verbal and non verbal symbols chosen are essential in ascertaining interpretation of the ', '2019-12-28', '2020-01-07', 1227),
(14, 'PHP: Removes duplicate values from an array', 'The array_unique() is used to remove duplicate values from an array.\r\nNote: The keys are preserved. array_unique() sorts the values treated as a string at first, then will keep the first key encountered for every value, and ignore all following keys. It does not mean that the key of the first related value from the unsorted array will be kept.\r\n', '2019-12-29', '2020-01-08', 1226),
(15, 'PHP: array_key_exists() function', 'PHP: Checks if the given key or index exists in an array\r\nThe array_key_exists() function is used to check whether a specified key is present in an array or not.\r\n\r\nThe function returns TRUE if the given key is set in the array. The key can be any value possible for an array index.\r\n\r\nVersion:\r\n\r\n(PHP 4 and above)\r\n\r\nSyntax:\r\n\r\narray_key_exists(array_key, array_name)', '2019-12-29', '2020-01-08', 1229),
(16, 'Histry of Font Awesome', 'Freemium. Website. fontawesome.com. Font Awesome is a font and icon toolkit based on CSS and LESS. It was made by Dave Gandy for use with Twitter Bootstrap, and later was incorporated into the BootstrapCDN', '2019-12-29', '2020-01-08', 1229),
(17, 'Testing', '<h1>Wellcome to the Testing && we check the upload condition</h1>', '2019-12-29', '2020-01-08', 1229),
(18, 'HTML', 'Note: if Your Information contain the Web Languages Systex It well be Display  according to the we web sytex . eg is i use simple html tag .\r\neg: <h3 style=\"color: deeppink\">This is html heading h3 & color is deeppink </h3>', '2019-12-29', '2020-01-08', 1229),
(19, 'php function which remove the index which has no value.', 'You can use the PHP<h2 class=\"bg-warning\"> array_filter()</h2> function remove empty array elements or values from an array in PHP. This will also remove blank, null, false, 0 (zero) values.Dec 4, 2018\r\n', '2019-12-29', '2020-01-08', 1231),
(20, 'Testing', 'dssf', '2019-12-29', '2020-01-08', 1231),
(22, 'Testing', 'aliquip jean shorts ullamco ad vinyl cillum PBR. Homo nostrud organic,jkl', '2019-12-29', '2020-01-08', 1231),
(23, 'This is Malik Pandey ', 'HI I am malik pandey.', '2020-01-07', '2020-01-17', 1242),
(24, 'Robotic', 'this is notification', '2020-01-09', '2020-01-19', 1227),
(25, 'Histry of Computer', 'Charles Babbage, an English mechanical engineer and polymath, originated the concept of a programmable computer. Considered the \"father of the computer\", he conceptualized and invented the first mechanical computer in the early 19th century. ... The machine was about a century ahead of its time', '2020-01-12', '2020-01-22', 1227),
(26, 'Generation of Computer', 'First Generation (1940-1956)\r\nThe first generation computers had the following features and components −\r\n\r\nHardware\r\nThe hardware used in the first generation of computers was: Vacuum Tubes and Punch Cards.\r\n\r\nFeatures\r\nFollowing are the features of first generation computers −\r\n\r\nIt supported machine language.\r\n\r\nIt had slow performance\r\n\r\nIt occupied large size due to the use of vacuum tubes.\r\n\r\nIt had a poor storage capacity.\r\n\r\nIt consumed a lot of electricity and generated a lot of heat.\r\n\r\nMemory\r\nThe memory was of 4000 bits.\r\n\r\nData Input\r\nThe input was only provided through hard-wired programs in the computer, mostly through punched cards and paper tapes.\r\n\r\nExamples\r\nThe examples of first generation computers are −\r\n\r\nENIAC\r\nUNIVACTBM 701\r\nSecond Generation (1956-1963)\r\nSeveral a', '2020-01-12', '2020-01-22', 1227),
(27, 'Computer Concepts - History of Computers', '<h2 style=\"color: deeppink\">The history of the computer dates back to several years. </h2>', '2020-01-12', '2020-01-22', 1227),
(28, 'Testing', ' or external link for the cource content a', '2020-01-17', '2020-01-27', 1244);

-- --------------------------------------------------------

--
-- Table structure for table `presentation`
--

CREATE TABLE `presentation` (
  `P_id` bigint(20) NOT NULL,
  `p_topic` varchar(80) NOT NULL,
  `p_date` date NOT NULL,
  `p_time` bigint(30) NOT NULL,
  `pt_marks` int(20) NOT NULL
) ENGINE=InnoDB DEFAULT CHARSET=utf8mb4;

--
-- Dumping data for table `presentation`
--

INSERT INTO `presentation` (`P_id`, `p_topic`, `p_date`, `p_time`, `pt_marks`) VALUES
(8, 'intruduction to computer', '2019-12-01', 1576750136815732992, 20),
(16, 'histry of urdu', '2020-01-01', 1579582467611887104, 20),
(17, 'histry of urdu', '2020-01-07', 1579589282304288000, 10),
(18, 'histry of urdu', '2020-01-21', 1579589453282298112, 10);

-- --------------------------------------------------------

--
-- Table structure for table `presentation_record`
--

CREATE TABLE `presentation_record` (
  `P_id` bigint(20) NOT NULL,
  `Subject_id` bigint(20) NOT NULL,
  `Class_id` bigint(30) NOT NULL,
  `S_id` bigint(30) NOT NULL,
  `po_marks` int(10) NOT NULL
) ENGINE=InnoDB DEFAULT CHARSET=utf8mb4;

--
-- Dumping data for table `presentation_record`
--

INSERT INTO `presentation_record` (`P_id`, `Subject_id`, `Class_id`, `S_id`, `po_marks`) VALUES
(8, 0, 1227, 16, 12),
(8, 0, 1227, 23, 15),
(8, 0, 1227, 15, 18),
(8, 0, 1227, 17, 17),
(8, 0, 1227, 22, 16),
(8, 0, 1227, 11, 14),
(8, 0, 1227, 18, 12),
(8, 0, 1227, 12, 13),
(8, 0, 1227, 9, 19),
(8, 0, 1227, 19, 17),
(8, 0, 1227, 8, 18),
(8, 0, 1227, 14, 15),
(8, 0, 1227, 10, 12),
(8, 0, 1227, 20, 14),
(8, 0, 1227, 21, 16),
(8, 0, 1227, 13, 13),
(8, 0, 1227, 3, 15),
(8, 0, 1227, 7, 1),
(8, 0, 1227, 5, 11),
(8, 0, 1227, 6, 5),
(16, 0, 1244, 27, 12),
(16, 0, 1244, 28, 3),
(16, 0, 1244, 25, 20),
(16, 0, 1244, 26, 45),
(17, 0, 1244, 27, 1),
(17, 0, 1244, 28, 4),
(17, 0, 1244, 25, 7),
(17, 0, 1244, 26, 5),
(18, 0, 1244, 27, 1),
(18, 0, 1244, 28, 4),
(18, 0, 1244, 25, 5),
(18, 0, 1244, 26, 6);

-- --------------------------------------------------------

--
-- Table structure for table `quize`
--

CREATE TABLE `quize` (
  `Q_id` bigint(20) NOT NULL,
  `q_topic` varchar(80) NOT NULL,
  `q_date` date NOT NULL,
  `q_time` bigint(20) NOT NULL,
  `qt_marks` int(10) NOT NULL
) ENGINE=InnoDB DEFAULT CHARSET=utf8mb4;

--
-- Dumping data for table `quize`
--

INSERT INTO `quize` (`Q_id`, `q_topic`, `q_date`, `q_time`, `qt_marks`) VALUES
(9, 'Histry of AI', '2019-12-13', 1576748834991684864, 20),
(10, 'History of Computer Architecture', '2020-01-12', 1578828991659905024, 20),
(14, 'Histry Of JavaScript', '2020-01-01', 1579585320768871936, 20),
(16, 'Histry Of JavaScript', '2020-01-21', 1579590614956634112, 20);

-- --------------------------------------------------------

--
-- Table structure for table `quiz_record`
--

CREATE TABLE `quiz_record` (
  `Q_id` bigint(20) NOT NULL,
  `Subject_id` bigint(20) NOT NULL,
  `Class_id` bigint(30) NOT NULL,
  `S_id` bigint(30) NOT NULL,
  `qo_marks` int(10) NOT NULL
) ENGINE=InnoDB DEFAULT CHARSET=utf8mb4;

--
-- Dumping data for table `quiz_record`
--

INSERT INTO `quiz_record` (`Q_id`, `Subject_id`, `Class_id`, `S_id`, `qo_marks`) VALUES
(9, 0, 1227, 16, 2),
(9, 0, 1227, 23, 15),
(9, 0, 1227, 15, 12),
(9, 0, 1227, 17, 10),
(9, 0, 1227, 22, 13),
(9, 0, 1227, 11, 1),
(9, 0, 1227, 18, 18),
(9, 0, 1227, 12, 17),
(9, 0, 1227, 9, 19),
(9, 0, 1227, 19, 16),
(9, 0, 1227, 8, 15),
(9, 0, 1227, 14, 14),
(9, 0, 1227, 10, 13),
(9, 0, 1227, 20, 12),
(9, 0, 1227, 21, 10),
(9, 0, 1227, 13, 12),
(9, 0, 1227, 3, 13),
(9, 0, 1227, 7, 14),
(9, 0, 1227, 5, 15),
(9, 0, 1227, 6, 18),
(10, 0, 1227, 16, 12),
(10, 0, 1227, 23, 13),
(10, 0, 1227, 15, 15),
(10, 0, 1227, 17, 10),
(10, 0, 1227, 22, 14),
(10, 0, 1227, 11, 12),
(10, 0, 1227, 18, 16),
(10, 0, 1227, 12, 18),
(10, 0, 1227, 9, 14),
(10, 0, 1227, 19, 15),
(10, 0, 1227, 8, 16),
(10, 0, 1227, 14, 10),
(10, 0, 1227, 10, 8),
(10, 0, 1227, 20, 5),
(10, 0, 1227, 21, 3),
(10, 0, 1227, 13, 0),
(10, 0, 1227, 3, 14),
(10, 0, 1227, 7, 1),
(10, 0, 1227, 5, 0),
(10, 0, 1227, 6, 8),
(14, 0, 1244, 27, 12),
(14, 0, 1244, 28, 125),
(14, 0, 1244, 25, 20),
(14, 0, 1244, 26, 22),
(16, 0, 1244, 27, 10),
(16, 0, 1244, 28, 2),
(16, 0, 1244, 25, 1),
(16, 0, 1244, 26, 2);

-- --------------------------------------------------------

--
-- Table structure for table `register`
--

CREATE TABLE `register` (
  `Class_id` bigint(30) NOT NULL,
  `S_id` bigint(30) NOT NULL,
  `Reg_no` int(20) NOT NULL,
  `Enrollment_key` varchar(50) NOT NULL
) ENGINE=InnoDB DEFAULT CHARSET=latin1;

--
-- Dumping data for table `register`
--

INSERT INTO `register` (`Class_id`, `S_id`, `Reg_no`, `Enrollment_key`) VALUES
(1226, 3, 2, 'sajid96'),
(1227, 3, 18, 'cs-2019'),
(1227, 5, 20, 'cs-2019'),
(1227, 6, 21, 'cs-2019'),
(1227, 7, 19, 'cs-2019'),
(1227, 8, 12, 'cs-2019'),
(1227, 9, 9, 'cs-2019'),
(1227, 10, 14, 'cs-2019'),
(1227, 11, 6, 'cs-2019'),
(1227, 12, 8, 'cs-2019'),
(1227, 13, 17, 'cs-2019'),
(1227, 14, 13, 'cs-2019'),
(1227, 15, 3, 'cs-2019'),
(1227, 16, 1, 'cs-2019'),
(1227, 17, 4, 'cs-2019'),
(1227, 18, 7, 'cs-2019'),
(1227, 19, 10, 'cs-2019'),
(1227, 20, 15, 'cs-2019'),
(1227, 21, 16, 'cs-2019'),
(1227, 22, 5, 'cs-2019'),
(1227, 23, 2, 'cs-2019'),
(1229, 3, 29, 'msc-18'),
(1231, 3, 29, 'bcs-2019'),
(1232, 24, 43, 'bs1-2019'),
(1244, 25, 28, 'uop'),
(1244, 26, 41, 'uop'),
(1244, 27, 2, 'uop'),
(1244, 28, 26, 'uop');

-- --------------------------------------------------------

--
-- Table structure for table `slide`
--

CREATE TABLE `slide` (
  `id` int(11) NOT NULL,
  `topic` varchar(100) NOT NULL,
  `c_date` date NOT NULL,
  `file` varchar(100) NOT NULL,
  `Class_id` bigint(30) NOT NULL
) ENGINE=InnoDB DEFAULT CHARSET=latin1;

--
-- Dumping data for table `slide`
--

INSERT INTO `slide` (`id`, `topic`, `c_date`, `file`, `Class_id`) VALUES
(8, 'recurrence relation', '2019-12-18', '1-recurrence related Question solved (1) (1).docx', 1226),
(9, 'morphem', '2019-12-18', '3-morphemes (1).docx', 1226),
(10, 'context free graimar', '2019-12-18', 'CNF and PDA.pdf', 1226),
(11, 'chapter:1', '2019-12-28', 'E-commerce 1.ppt', 1227),
(12, 'chapter:1,topic 2', '2019-12-28', 'E-commerce 2 e-Business Models (2).ppt', 1227),
(13, 'chapter:1 ,topic 3', '2019-12-28', 'E-commerce 3 e-Business Models.ppt', 1227),
(14, 'chapter:1 ,topic 4', '2019-12-28', 'E-commerce 4 Revenue Models.ppt', 1227),
(15, 'chapter:2 topic 1', '2019-12-28', 'E-commerce 5 HTML 1.ppt', 1227),
(16, 'chapter:6 ,topic1', '2019-12-29', 'E-commerce 28 Security 1.ppt', 1229);

-- --------------------------------------------------------

--
-- Table structure for table `student`
--

CREATE TABLE `student` (
  `S_id` bigint(30) NOT NULL,
  `student_name` varchar(50) NOT NULL,
  `Email` varchar(50) NOT NULL,
  `password` varchar(50) NOT NULL,
  `security_question` varchar(50) NOT NULL,
  `question_answer` varchar(30) NOT NULL
) ENGINE=InnoDB DEFAULT CHARSET=latin1;

--
-- Dumping data for table `student`
--

INSERT INTO `student` (`S_id`, `student_name`, `Email`, `password`, `security_question`, `question_answer`) VALUES
(1, 'M. Owais khan', 'owais@gmail.com', '123456789123456789', '', ''),
(2, 'Faheem ullah', 'faheem@gmail.com', 'asdfghjkl', '', ''),
(3, 'ihsan ullah', 'ihsan@gmail.com', 'asdfghjkl', '', ''),
(4, 'Habib ur rehman', 'habib@gmail.com', 'asdfghjkl', '', ''),
(5, 'Nasir Iqbal', 'nasir@gmial.com', 'nasir12345', '', ''),
(6, 'Bilal khan', 'bilal@gmail.com', '1234567890', '', ''),
(7, 'Faisal ktk', 'faisal@gmail.com', 'qwertyuiop', '', ''),
(8, 'Ibrar khan', 'ibrar@gmail.com', '1234567890', '', ''),
(9, 'Reyaz iqbal', 'rayaz@gmail.com', '1234567890', '', ''),
(10, 'Sajjad iqbal', 'sajjad@gmail.com', 'qwertyuiop', '', ''),
(11, 'Qasir khan', 'qasir@gmail.com', '1234567890', '', ''),
(12, 'Amana bibi', 'amna@gmail.com', '1234567890', '', ''),
(13, 'Sara Hussan', 'sara@gmail.com', 'qwertyuiop', '', ''),
(14, 'Habib Unas', 'habib19@gmail.com', '1234567890', '', ''),
(15, 'Nazia Usaf zai', 'nazia123@gmail.com', '123456789123456789', '', ''),
(16, 'Samreen qamar', 'samreen@gmail.com', 'qwertyuiop', '', ''),
(17, 'Uzma bibi', 'uzma@gmail.com', '1234567890', '', ''),
(18, 'Habib khan', 'habibkhan@gmail.com', '1234567890', '', ''),
(19, 'Muhammad Zeeshan', 'zeeshan@gmail.com', 'qwertyuiop', '', ''),
(20, 'Zar Muhammad', 'zar@gmail.com', '1234567890', '', ''),
(21, 'Sara  hussain', 'sara123@gmail.com', '1234567890', '', ''),
(22, 'Arfan khan', 'arfan@gamil.com', 'qazwsxedc', '', ''),
(23, 'Muhammad Sajid', 'sajidktk@gmail.com', 'sajidkhattak', '', ''),
(24, 'Aziz ullah', 'aziz@gmail.com', '123456789', '', ''),
(25, 'faheem2 ktk', 'faheem2@gmail.com', 'faheem2@gmail.com', '', ''),
(26, 'Fahad Aslam', 'fahad@gmail.com', 'fahad@gmail.com', 'What is your favorite food?', 'parata'),
(27, 'Muhammad  Sajid', 'sajid@gmail.com', '1234567890', 'What city were you born in?', 'karak'),
(28, 'Gulzar khan', 'gulzar@gmail.com', 'qazwsxedc', 'What Is your favorite book?', 'c++');

-- --------------------------------------------------------

--
-- Table structure for table `subject`
--

CREATE TABLE `subject` (
  `Subject_id` bigint(20) NOT NULL,
  `subject_name` varchar(80) NOT NULL
) ENGINE=InnoDB DEFAULT CHARSET=utf8mb4;

--
-- Dumping data for table `subject`
--

INSERT INTO `subject` (`Subject_id`, `subject_name`) VALUES
(1, 'intruduction to computer'),
(2, 'mthematic'),
(3, 'Compiler Construction'),
(4, 'php 6 Advance'),
(5, 'biochemistry'),
(6, 'angular js'),
(7, 'Intruduction to Java'),
(8, 'Database'),
(9, 'Intruduction to English'),
(10, 'maths'),
(11, 'C++'),
(12, 'C Sharp'),
(13, 'Electro Maganatisim'),
(14, 'english');

-- --------------------------------------------------------

--
-- Table structure for table `teacher`
--

CREATE TABLE `teacher` (
  `T_id` bigint(20) NOT NULL,
  `Name` varchar(40) NOT NULL,
  `Contact_no` bigint(20) NOT NULL,
  `Cnic` varchar(20) NOT NULL,
  `Institute_name` varchar(80) NOT NULL,
  `Country` varchar(40) NOT NULL,
  `City` varchar(30) NOT NULL,
  `Email` varchar(50) NOT NULL,
  `Password` varchar(80) NOT NULL,
  `security_question` varchar(50) NOT NULL,
  `question_answer` varchar(30) NOT NULL
) ENGINE=InnoDB DEFAULT CHARSET=latin1;

--
-- Dumping data for table `teacher`
--

INSERT INTO `teacher` (`T_id`, `Name`, `Contact_no`, `Cnic`, `Institute_name`, `Country`, `City`, `Email`, `Password`, `security_question`, `question_answer`) VALUES
(4, 'sajid ktk', 3102145236, '1234115241521', 'University of pehawar', 'pakistan', 'peshawar', 'sajid@gmail.com', '1234567890', '', ''),
(5, 'Ihsan_Marwat', 3102345124, '1421545869216', 'Islamia college peshawar', 'Pakistan', 'Lakkii', 'ihsanadamzai@gmail.com', '1234567890', '', ''),
(6, 'Kashif Rehman', 3484888557, '1420213501197', 'khushal Khan University', 'Pakistan', 'karak', 'kashif@gmail.com', '123456789', '', ''),
(7, 'Ihsan Ullah', 3102514367, '1120113124152', 'Cs department UOP', 'Pakistan', 'Lakki Marwat', 'ihsanullah@gmail.com', '1234567890', '', ''),
(8, 'Owais Khan', 3102051458, '2123445847596', 'Islamia University Peshawar', 'Pakistan', 'Noshera', 'owais@gmail.com', '123456789', '', ''),
(14, 'Faheem Ullah', 3102041521, '14202458741586', 'Govrnment Degree College', 'Pakistan', 'Karak', 'faheem@gmail.com', 'faheem@gmail.com', 'What Is your favorite book?', 'Testing Software'),
(15, 'Sajid Khattak', 3102093992, '1420279089405', 'University of Peshawar', 'Pakistan', 'Karak', 'sajidkhattak@gmail.com', 'sajidkhattak@gmail.com', 'What Is your favorite book?', 'php');

--
-- Indexes for dumped tables
--

--
-- Indexes for table `admin`
--
ALTER TABLE `admin`
  ADD PRIMARY KEY (`id`);

--
-- Indexes for table `assignment`
--
ALTER TABLE `assignment`
  ADD PRIMARY KEY (`A_id`);

--
-- Indexes for table `attendence`
--
ALTER TABLE `attendence`
  ADD PRIMARY KEY (`AT_id`);

--
-- Indexes for table `class`
--
ALTER TABLE `class`
  ADD PRIMARY KEY (`Class_id`,`Enrollment_key`),
  ADD KEY `T_id` (`T_id`),
  ADD KEY `Enrollment_key` (`Enrollment_key`),
  ADD KEY `Enrollment_key_2` (`Enrollment_key`),
  ADD KEY `Enrollment_key_3` (`Enrollment_key`);

--
-- Indexes for table `have`
--
ALTER TABLE `have`
  ADD KEY `Class_id` (`Class_id`),
  ADD KEY `have_ibfk_2` (`Subject_id`),
  ADD KEY `S_id` (`S_id`);

--
-- Indexes for table `links`
--
ALTER TABLE `links`
  ADD PRIMARY KEY (`L_id`);

--
-- Indexes for table `notification`
--
ALTER TABLE `notification`
  ADD PRIMARY KEY (`id`);

--
-- Indexes for table `presentation`
--
ALTER TABLE `presentation`
  ADD PRIMARY KEY (`P_id`);

--
-- Indexes for table `quize`
--
ALTER TABLE `quize`
  ADD PRIMARY KEY (`Q_id`);

--
-- Indexes for table `register`
--
ALTER TABLE `register`
  ADD PRIMARY KEY (`Class_id`,`S_id`,`Enrollment_key`),
  ADD KEY `Class_id` (`Class_id`,`S_id`),
  ADD KEY `Reg_id` (`S_id`),
  ADD KEY `enrollment_key` (`Enrollment_key`);

--
-- Indexes for table `slide`
--
ALTER TABLE `slide`
  ADD PRIMARY KEY (`id`);

--
-- Indexes for table `student`
--
ALTER TABLE `student`
  ADD PRIMARY KEY (`S_id`,`Email`);

--
-- Indexes for table `subject`
--
ALTER TABLE `subject`
  ADD PRIMARY KEY (`Subject_id`);

--
-- Indexes for table `teacher`
--
ALTER TABLE `teacher`
  ADD PRIMARY KEY (`T_id`,`Email`);

--
-- AUTO_INCREMENT for dumped tables
--

--
-- AUTO_INCREMENT for table `admin`
--
ALTER TABLE `admin`
  MODIFY `id` int(10) NOT NULL AUTO_INCREMENT, AUTO_INCREMENT=2;

--
-- AUTO_INCREMENT for table `assignment`
--
ALTER TABLE `assignment`
  MODIFY `A_id` bigint(20) NOT NULL AUTO_INCREMENT, AUTO_INCREMENT=41;

--
-- AUTO_INCREMENT for table `attendence`
--
ALTER TABLE `attendence`
  MODIFY `AT_id` int(10) NOT NULL AUTO_INCREMENT, AUTO_INCREMENT=6;

--
-- AUTO_INCREMENT for table `class`
--
ALTER TABLE `class`
  MODIFY `Class_id` bigint(30) NOT NULL AUTO_INCREMENT, AUTO_INCREMENT=1246;

--
-- AUTO_INCREMENT for table `links`
--
ALTER TABLE `links`
  MODIFY `L_id` int(20) NOT NULL AUTO_INCREMENT, AUTO_INCREMENT=11;

--
-- AUTO_INCREMENT for table `notification`
--
ALTER TABLE `notification`
  MODIFY `id` int(20) NOT NULL AUTO_INCREMENT, AUTO_INCREMENT=29;

--
-- AUTO_INCREMENT for table `presentation`
--
ALTER TABLE `presentation`
  MODIFY `P_id` bigint(20) NOT NULL AUTO_INCREMENT, AUTO_INCREMENT=19;

--
-- AUTO_INCREMENT for table `quize`
--
ALTER TABLE `quize`
  MODIFY `Q_id` bigint(20) NOT NULL AUTO_INCREMENT, AUTO_INCREMENT=17;

--
-- AUTO_INCREMENT for table `slide`
--
ALTER TABLE `slide`
  MODIFY `id` int(11) NOT NULL AUTO_INCREMENT, AUTO_INCREMENT=17;

--
-- AUTO_INCREMENT for table `student`
--
ALTER TABLE `student`
  MODIFY `S_id` bigint(30) NOT NULL AUTO_INCREMENT, AUTO_INCREMENT=29;

--
-- AUTO_INCREMENT for table `subject`
--
ALTER TABLE `subject`
  MODIFY `Subject_id` bigint(20) NOT NULL AUTO_INCREMENT, AUTO_INCREMENT=15;

--
-- AUTO_INCREMENT for table `teacher`
--
ALTER TABLE `teacher`
  MODIFY `T_id` bigint(20) NOT NULL AUTO_INCREMENT, AUTO_INCREMENT=16;
COMMIT;

/*!40101 SET CHARACTER_SET_CLIENT=@OLD_CHARACTER_SET_CLIENT */;
/*!40101 SET CHARACTER_SET_RESULTS=@OLD_CHARACTER_SET_RESULTS */;
/*!40101 SET COLLATION_CONNECTION=@OLD_COLLATION_CONNECTION */;
