-- phpMyAdmin SQL Dump
-- version 4.9.2
-- https://www.phpmyadmin.net/
--
-- Host: 127.0.0.1
-- Generation Time: Feb 20, 2020 at 05:40 PM
-- Server version: 10.4.11-MariaDB
-- PHP Version: 7.3.13

SET SQL_MODE = "NO_AUTO_VALUE_ON_ZERO";
SET AUTOCOMMIT = 0;
START TRANSACTION;
SET time_zone = "+00:00";


/*!40101 SET @OLD_CHARACTER_SET_CLIENT=@@CHARACTER_SET_CLIENT */;
/*!40101 SET @OLD_CHARACTER_SET_RESULTS=@@CHARACTER_SET_RESULTS */;
/*!40101 SET @OLD_COLLATION_CONNECTION=@@COLLATION_CONNECTION */;
/*!40101 SET NAMES utf8mb4 */;

--
-- Database: `project_db`
--

-- --------------------------------------------------------

--
-- Table structure for table `admin`
--

CREATE TABLE `admin` (
  `id` int(10) NOT NULL,
  `name` varchar(30) NOT NULL,
  `Email` varchar(20) NOT NULL,
  `password` varchar(50) NOT NULL
) ENGINE=InnoDB DEFAULT CHARSET=utf8mb4;

--
-- Dumping data for table `admin`
--

INSERT INTO `admin` (`id`, `name`, `Email`, `password`) VALUES
(1, 'Sajid Khattak', 'sajid1996@gmail.com', '12345');

-- --------------------------------------------------------

--
-- Table structure for table `assignment`
--

CREATE TABLE `assignment` (
  `A_id` bigint(20) NOT NULL,
  `a_name` varchar(80) NOT NULL,
  `a_date` date NOT NULL,
  `a_time` bigint(20) NOT NULL,
  `at_marks` int(20) NOT NULL
) ENGINE=InnoDB DEFAULT CHARSET=utf8mb4;

-- --------------------------------------------------------

--
-- Table structure for table `assignment_record`
--

CREATE TABLE `assignment_record` (
  `A_id` bigint(20) NOT NULL,
  `Class_id` bigint(20) NOT NULL,
  `S_id` bigint(30) NOT NULL,
  `ao_marks` int(10) NOT NULL
) ENGINE=InnoDB DEFAULT CHARSET=utf8mb4;

-- --------------------------------------------------------

--
-- Table structure for table `attendence`
--

CREATE TABLE `attendence` (
  `AT_id` int(10) NOT NULL,
  `status` varchar(20) NOT NULL
) ENGINE=InnoDB DEFAULT CHARSET=utf8mb4;

--
-- Dumping data for table `attendence`
--

INSERT INTO `attendence` (`AT_id`, `status`) VALUES
(1, 'P'),
(2, 'A'),
(3, 'L');

-- --------------------------------------------------------

--
-- Table structure for table `attendence_record`
--

CREATE TABLE `attendence_record` (
  `AT_id` int(10) NOT NULL,
  `AT_date` date NOT NULL,
  `Class_id` bigint(30) NOT NULL,
  `S_id` bigint(30) NOT NULL
) ENGINE=InnoDB DEFAULT CHARSET=utf8mb4;

--
-- Dumping data for table `attendence_record`
--

INSERT INTO `attendence_record` (`AT_id`, `AT_date`, `Class_id`, `S_id`) VALUES
(2, '2019-11-01', 1001, 1),
(1, '2019-11-01', 1001, 2),
(1, '2019-11-01', 1001, 6),
(2, '2019-11-01', 1001, 10),
(1, '2019-11-01', 1001, 12),
(3, '2019-11-01', 1001, 15),
(1, '2019-11-01', 1001, 18),
(1, '2019-11-01', 1001, 20),
(1, '2019-11-01', 1001, 23),
(3, '2019-11-01', 1001, 26),
(1, '2019-11-01', 1001, 29),
(2, '2019-11-01', 1001, 31),
(1, '2019-11-01', 1001, 33),
(1, '2019-11-01', 1001, 36),
(1, '2019-11-01', 1001, 38),
(3, '2019-11-01', 1001, 40),
(2, '2019-11-01', 1001, 3),
(1, '2019-11-01', 1001, 5),
(2, '2019-11-01', 1001, 7),
(1, '2019-11-01', 1001, 9),
(2, '2019-11-01', 1001, 11),
(2, '2019-11-01', 1001, 14),
(2, '2019-11-01', 1001, 16),
(1, '2019-11-01', 1001, 19),
(1, '2019-11-01', 1001, 24),
(1, '2019-11-01', 1001, 22),
(2, '2019-11-01', 1001, 25),
(2, '2019-11-01', 1001, 28),
(1, '2019-11-01', 1001, 30),
(1, '2019-11-01', 1001, 32),
(1, '2019-11-01', 1001, 34),
(1, '2019-11-01', 1001, 4),
(2, '2019-11-01', 1001, 8),
(2, '2019-11-01', 1001, 13),
(2, '2019-11-01', 1001, 17),
(1, '2019-11-01', 1001, 21),
(1, '2019-11-01', 1001, 27),
(2, '2019-11-01', 1001, 35),
(2, '2019-11-01', 1001, 37),
(2, '2019-11-01', 1001, 39),
(1, '2019-12-02', 1001, 1),
(1, '2019-12-02', 1001, 2),
(2, '2019-12-02', 1001, 6),
(1, '2019-12-02', 1001, 10),
(1, '2019-12-02', 1001, 12),
(1, '2019-12-02', 1001, 15),
(1, '2019-12-02', 1001, 18),
(2, '2019-12-02', 1001, 20),
(3, '2019-12-02', 1001, 23),
(1, '2019-12-02', 1001, 26),
(2, '2019-12-02', 1001, 29),
(1, '2019-12-02', 1001, 31),
(1, '2019-12-02', 1001, 33),
(1, '2019-12-02', 1001, 36),
(2, '2019-12-02', 1001, 38),
(1, '2019-12-02', 1001, 40),
(1, '2019-12-02', 1001, 3),
(2, '2019-12-02', 1001, 5),
(1, '2019-12-02', 1001, 7),
(1, '2019-12-02', 1001, 9),
(1, '2019-12-02', 1001, 11),
(1, '2019-12-02', 1001, 14),
(1, '2019-12-02', 1001, 16),
(1, '2019-12-02', 1001, 19),
(1, '2019-12-02', 1001, 24),
(1, '2019-12-02', 1001, 22),
(1, '2019-12-02', 1001, 25),
(1, '2019-12-02', 1001, 28),
(1, '2019-12-02', 1001, 30),
(2, '2019-12-02', 1001, 32),
(1, '2019-12-02', 1001, 34),
(1, '2019-12-02', 1001, 4),
(3, '2019-12-02', 1001, 8),
(2, '2019-12-02', 1001, 13),
(1, '2019-12-02', 1001, 17),
(1, '2019-12-02', 1001, 21),
(1, '2019-12-02', 1001, 27),
(1, '2019-12-02', 1001, 35),
(2, '2019-12-02', 1001, 37),
(1, '2019-12-02', 1001, 39),
(1, '2020-01-01', 1001, 1),
(1, '2020-01-01', 1001, 2),
(2, '2020-01-01', 1001, 6),
(1, '2020-01-01', 1001, 10),
(1, '2020-01-01', 1001, 12),
(3, '2020-01-01', 1001, 15),
(1, '2020-01-01', 1001, 18),
(1, '2020-01-01', 1001, 20),
(1, '2020-01-01', 1001, 23),
(2, '2020-01-01', 1001, 26),
(1, '2020-01-01', 1001, 29),
(2, '2020-01-01', 1001, 31),
(1, '2020-01-01', 1001, 33),
(2, '2020-01-01', 1001, 36),
(1, '2020-01-01', 1001, 38),
(3, '2020-01-01', 1001, 40),
(1, '2020-01-01', 1001, 3),
(1, '2020-01-01', 1001, 5),
(1, '2020-01-01', 1001, 7),
(1, '2020-01-01', 1001, 9),
(2, '2020-01-01', 1001, 11),
(1, '2020-01-01', 1001, 14),
(2, '2020-01-01', 1001, 16),
(1, '2020-01-01', 1001, 19),
(3, '2020-01-01', 1001, 24),
(1, '2020-01-01', 1001, 22),
(1, '2020-01-01', 1001, 25),
(1, '2020-01-01', 1001, 28),
(1, '2020-01-01', 1001, 30),
(1, '2020-01-01', 1001, 32),
(1, '2020-01-01', 1001, 34),
(1, '2020-01-01', 1001, 4),
(1, '2020-01-01', 1001, 8),
(3, '2020-01-01', 1001, 13),
(1, '2020-01-01', 1001, 17),
(2, '2020-01-01', 1001, 21),
(1, '2020-01-01', 1001, 27),
(2, '2020-01-01', 1001, 35),
(1, '2020-01-01', 1001, 37),
(2, '2020-01-01', 1001, 39),
(2, '2019-11-02', 1001, 1),
(1, '2019-11-02', 1001, 2),
(2, '2019-11-02', 1001, 6),
(2, '2019-11-02', 1001, 10),
(2, '2019-11-02', 1001, 12),
(1, '2019-11-02', 1001, 15),
(1, '2019-11-02', 1001, 18),
(1, '2019-11-02', 1001, 20),
(1, '2019-11-02', 1001, 23),
(2, '2019-11-02', 1001, 26),
(2, '2019-11-02', 1001, 29),
(2, '2019-11-02', 1001, 31),
(2, '2019-11-02', 1001, 33),
(2, '2019-11-02', 1001, 36),
(2, '2019-11-02', 1001, 38),
(1, '2019-11-02', 1001, 40),
(1, '2019-11-02', 1001, 3),
(1, '2019-11-02', 1001, 5),
(1, '2019-11-02', 1001, 7),
(1, '2019-11-02', 1001, 9),
(1, '2019-11-02', 1001, 11),
(1, '2019-11-02', 1001, 14),
(1, '2019-11-02', 1001, 16),
(1, '2019-11-02', 1001, 19),
(2, '2019-11-02', 1001, 24),
(2, '2019-11-02', 1001, 22),
(2, '2019-11-02', 1001, 25),
(2, '2019-11-02', 1001, 28),
(2, '2019-11-02', 1001, 30),
(2, '2019-11-02', 1001, 32),
(1, '2019-11-02', 1001, 34),
(1, '2019-11-02', 1001, 4),
(2, '2019-11-02', 1001, 8),
(2, '2019-11-02', 1001, 13),
(2, '2019-11-02', 1001, 17),
(1, '2019-11-02', 1001, 21),
(2, '2019-11-02', 1001, 27),
(2, '2019-11-02', 1001, 35),
(2, '2019-11-02', 1001, 37),
(2, '2019-11-02', 1001, 39),
(2, '2019-12-03', 1001, 1),
(2, '2019-12-03', 1001, 2),
(1, '2019-12-03', 1001, 6),
(1, '2019-12-03', 1001, 10),
(1, '2019-12-03', 1001, 12),
(3, '2019-12-03', 1001, 15),
(1, '2019-12-03', 1001, 18),
(2, '2019-12-03', 1001, 20),
(1, '2019-12-03', 1001, 23),
(1, '2019-12-03', 1001, 26),
(2, '2019-12-03', 1001, 29),
(1, '2019-12-03', 1001, 31),
(1, '2019-12-03', 1001, 33),
(3, '2019-12-03', 1001, 36),
(1, '2019-12-03', 1001, 38),
(1, '2019-12-03', 1001, 40),
(3, '2019-12-03', 1001, 3),
(1, '2019-12-03', 1001, 5),
(1, '2019-12-03', 1001, 7),
(1, '2019-12-03', 1001, 9),
(1, '2019-12-03', 1001, 11),
(1, '2019-12-03', 1001, 14),
(1, '2019-12-03', 1001, 16),
(1, '2019-12-03', 1001, 19),
(1, '2019-12-03', 1001, 24),
(1, '2019-12-03', 1001, 22),
(1, '2019-12-03', 1001, 25),
(1, '2019-12-03', 1001, 28),
(3, '2019-12-03', 1001, 30),
(1, '2019-12-03', 1001, 32),
(1, '2019-12-03', 1001, 34),
(2, '2019-12-03', 1001, 4),
(1, '2019-12-03', 1001, 8),
(1, '2019-12-03', 1001, 13),
(3, '2019-12-03', 1001, 17),
(1, '2019-12-03', 1001, 21),
(1, '2019-12-03', 1001, 27),
(1, '2019-12-03', 1001, 35),
(1, '2019-12-03', 1001, 37),
(1, '2019-12-03', 1001, 39),
(3, '2019-11-04', 1001, 1),
(1, '2019-11-04', 1001, 2),
(3, '2019-11-04', 1001, 6),
(1, '2019-11-04', 1001, 10),
(1, '2019-11-04', 1001, 12),
(2, '2019-11-04', 1001, 15),
(1, '2019-11-04', 1001, 18),
(2, '2019-11-04', 1001, 20),
(1, '2019-11-04', 1001, 23),
(3, '2019-11-04', 1001, 26),
(3, '2019-11-04', 1001, 29),
(2, '2019-11-04', 1001, 31),
(2, '2019-11-04', 1001, 33),
(1, '2019-11-04', 1001, 36),
(2, '2019-11-04', 1001, 38),
(2, '2019-11-04', 1001, 40),
(1, '2019-11-04', 1001, 3),
(2, '2019-11-04', 1001, 5),
(2, '2019-11-04', 1001, 7),
(2, '2019-11-04', 1001, 9),
(1, '2019-11-04', 1001, 11),
(1, '2019-11-04', 1001, 14),
(2, '2019-11-04', 1001, 16),
(2, '2019-11-04', 1001, 19),
(2, '2019-11-04', 1001, 24),
(1, '2019-11-04', 1001, 22),
(1, '2019-11-04', 1001, 25),
(2, '2019-11-04', 1001, 28),
(2, '2019-11-04', 1001, 30),
(1, '2019-11-04', 1001, 32),
(1, '2019-11-04', 1001, 34),
(3, '2019-11-04', 1001, 4),
(3, '2019-11-04', 1001, 8),
(2, '2019-11-04', 1001, 13),
(1, '2019-11-04', 1001, 17),
(1, '2019-11-04', 1001, 21),
(1, '2019-11-04', 1001, 27),
(3, '2019-11-04', 1001, 35),
(2, '2019-11-04', 1001, 37),
(1, '2019-11-04', 1001, 39),
(2, '2020-01-02', 1001, 1),
(3, '2020-01-02', 1001, 2),
(1, '2020-01-02', 1001, 6),
(2, '2020-01-02', 1001, 10),
(3, '2020-01-02', 1001, 12),
(2, '2020-01-02', 1001, 15),
(2, '2020-01-02', 1001, 18),
(1, '2020-01-02', 1001, 20),
(2, '2020-01-02', 1001, 23),
(1, '2020-01-02', 1001, 26),
(1, '2020-01-02', 1001, 29),
(2, '2020-01-02', 1001, 31),
(3, '2020-01-02', 1001, 33),
(1, '2020-01-02', 1001, 36),
(1, '2020-01-02', 1001, 38),
(2, '2020-01-02', 1001, 40),
(1, '2020-01-02', 1001, 3),
(1, '2020-01-02', 1001, 5),
(3, '2020-01-02', 1001, 7),
(2, '2020-01-02', 1001, 9),
(1, '2020-01-02', 1001, 11),
(1, '2020-01-02', 1001, 14),
(1, '2020-01-02', 1001, 16),
(1, '2020-01-02', 1001, 19),
(1, '2020-01-02', 1001, 24),
(2, '2020-01-02', 1001, 22),
(1, '2020-01-02', 1001, 25),
(1, '2020-01-02', 1001, 28),
(1, '2020-01-02', 1001, 30),
(1, '2020-01-02', 1001, 32),
(2, '2020-01-02', 1001, 34),
(1, '2020-01-02', 1001, 4),
(1, '2020-01-02', 1001, 8),
(1, '2020-01-02', 1001, 13),
(2, '2020-01-02', 1001, 17),
(1, '2020-01-02', 1001, 21),
(1, '2020-01-02', 1001, 27),
(1, '2020-01-02', 1001, 35),
(1, '2020-01-02', 1001, 37),
(2, '2020-01-02', 1001, 39),
(1, '2019-11-05', 1001, 1),
(1, '2019-11-05', 1001, 2),
(1, '2019-11-05', 1001, 6),
(1, '2019-11-05', 1001, 10),
(1, '2019-11-05', 1001, 12),
(1, '2019-11-05', 1001, 15),
(1, '2019-11-05', 1001, 18),
(1, '2019-11-05', 1001, 20),
(1, '2019-11-05', 1001, 23),
(1, '2019-11-05', 1001, 26),
(1, '2019-11-05', 1001, 29),
(1, '2019-11-05', 1001, 31),
(1, '2019-11-05', 1001, 33),
(1, '2019-11-05', 1001, 36),
(1, '2019-11-05', 1001, 38),
(1, '2019-11-05', 1001, 40),
(1, '2019-11-05', 1001, 3),
(1, '2019-11-05', 1001, 5),
(1, '2019-11-05', 1001, 7),
(1, '2019-11-05', 1001, 9),
(1, '2019-11-05', 1001, 11),
(1, '2019-11-05', 1001, 14),
(1, '2019-11-05', 1001, 16),
(1, '2019-11-05', 1001, 19),
(1, '2019-11-05', 1001, 24),
(1, '2019-11-05', 1001, 22),
(1, '2019-11-05', 1001, 25),
(1, '2019-11-05', 1001, 28),
(1, '2019-11-05', 1001, 30),
(1, '2019-11-05', 1001, 32),
(1, '2019-11-05', 1001, 34),
(1, '2019-11-05', 1001, 4),
(1, '2019-11-05', 1001, 8),
(1, '2019-11-05', 1001, 13),
(1, '2019-11-05', 1001, 17),
(1, '2019-11-05', 1001, 21),
(1, '2019-11-05', 1001, 27),
(1, '2019-11-05', 1001, 35),
(1, '2019-11-05', 1001, 37),
(1, '2019-11-05', 1001, 39),
(1, '2019-12-04', 1001, 1),
(1, '2020-01-03', 1001, 1),
(1, '2019-12-04', 1001, 2),
(2, '2020-01-03', 1001, 2),
(1, '2019-12-04', 1001, 6),
(1, '2020-01-03', 1001, 6),
(1, '2019-12-04', 1001, 10),
(2, '2020-01-03', 1001, 10),
(1, '2019-12-04', 1001, 12),
(1, '2020-01-03', 1001, 12),
(1, '2019-12-04', 1001, 15),
(1, '2020-01-03', 1001, 15),
(1, '2019-12-04', 1001, 18),
(1, '2020-01-03', 1001, 18),
(1, '2019-12-04', 1001, 20),
(2, '2020-01-03', 1001, 20),
(1, '2019-12-04', 1001, 23),
(1, '2020-01-03', 1001, 23),
(1, '2019-12-04', 1001, 26),
(1, '2020-01-03', 1001, 26),
(1, '2019-12-04', 1001, 29),
(2, '2020-01-03', 1001, 29),
(1, '2019-12-04', 1001, 31),
(1, '2020-01-03', 1001, 31),
(1, '2019-12-04', 1001, 33),
(2, '2020-01-03', 1001, 33),
(1, '2019-12-04', 1001, 36),
(1, '2020-01-03', 1001, 36),
(1, '2019-12-04', 1001, 38),
(1, '2020-01-03', 1001, 38),
(1, '2019-12-04', 1001, 40),
(1, '2020-01-03', 1001, 40),
(1, '2019-12-04', 1001, 3),
(1, '2020-01-03', 1001, 3),
(1, '2019-12-04', 1001, 5),
(1, '2020-01-03', 1001, 5),
(1, '2019-12-04', 1001, 7),
(1, '2019-12-04', 1001, 9),
(1, '2020-01-03', 1001, 7),
(1, '2019-12-04', 1001, 11),
(1, '2020-01-03', 1001, 9),
(1, '2019-12-04', 1001, 14),
(1, '2020-01-03', 1001, 11),
(1, '2019-12-04', 1001, 16),
(1, '2020-01-03', 1001, 14),
(1, '2019-12-04', 1001, 19),
(2, '2020-01-03', 1001, 16),
(1, '2019-12-04', 1001, 24),
(3, '2020-01-03', 1001, 19),
(1, '2019-12-04', 1001, 22),
(2, '2020-01-03', 1001, 24),
(1, '2019-12-04', 1001, 25),
(1, '2020-01-03', 1001, 22),
(1, '2019-12-04', 1001, 28),
(2, '2020-01-03', 1001, 25),
(1, '2019-12-04', 1001, 30),
(1, '2020-01-03', 1001, 28),
(1, '2019-12-04', 1001, 32),
(1, '2020-01-03', 1001, 30),
(1, '2019-12-04', 1001, 34),
(1, '2020-01-03', 1001, 32),
(1, '2019-12-04', 1001, 4),
(2, '2020-01-03', 1001, 34),
(1, '2019-12-04', 1001, 8),
(1, '2020-01-03', 1001, 4),
(1, '2019-12-04', 1001, 13),
(1, '2020-01-03', 1001, 8),
(1, '2019-12-04', 1001, 17),
(2, '2020-01-03', 1001, 13),
(1, '2019-12-04', 1001, 21),
(1, '2020-01-03', 1001, 17),
(1, '2019-12-04', 1001, 27),
(1, '2020-01-03', 1001, 21),
(1, '2019-12-04', 1001, 35),
(1, '2020-01-03', 1001, 27),
(1, '2019-12-04', 1001, 37),
(1, '2020-01-03', 1001, 35),
(1, '2019-12-04', 1001, 39),
(1, '2020-01-03', 1001, 37),
(2, '2020-01-03', 1001, 39),
(1, '2020-01-04', 1001, 1),
(1, '2020-01-04', 1001, 2),
(1, '2020-01-04', 1001, 6),
(2, '2020-01-04', 1001, 10),
(1, '2020-01-04', 1001, 12),
(1, '2020-01-04', 1001, 15),
(1, '2020-01-04', 1001, 18),
(1, '2020-01-04', 1001, 20),
(3, '2020-01-04', 1001, 23),
(1, '2020-01-04', 1001, 26),
(1, '2020-01-04', 1001, 29),
(1, '2020-01-04', 1001, 31),
(2, '2020-01-04', 1001, 33),
(1, '2020-01-04', 1001, 36),
(1, '2020-01-04', 1001, 38),
(1, '2020-01-04', 1001, 40),
(1, '2020-01-04', 1001, 3),
(1, '2020-01-04', 1001, 5),
(1, '2020-01-04', 1001, 7),
(1, '2020-01-04', 1001, 9),
(1, '2020-01-04', 1001, 11),
(1, '2020-01-04', 1001, 14),
(1, '2020-01-04', 1001, 16),
(1, '2020-01-04', 1001, 19),
(1, '2020-01-04', 1001, 24),
(2, '2020-01-04', 1001, 22),
(1, '2020-01-04', 1001, 25),
(1, '2020-01-04', 1001, 28),
(1, '2020-01-04', 1001, 30),
(1, '2020-01-04', 1001, 32),
(1, '2020-01-04', 1001, 34),
(1, '2020-01-04', 1001, 4),
(1, '2020-01-04', 1001, 8),
(1, '2020-01-04', 1001, 13),
(1, '2020-01-04', 1001, 17),
(2, '2020-01-04', 1001, 21),
(1, '2020-01-04', 1001, 27),
(2, '2020-01-04', 1001, 35),
(1, '2020-01-04', 1001, 37),
(1, '2020-01-04', 1001, 39),
(1, '2019-11-07', 1001, 1),
(1, '2019-11-07', 1001, 2),
(1, '2019-11-07', 1001, 6),
(1, '2019-11-07', 1001, 10),
(1, '2019-11-07', 1001, 12),
(1, '2019-11-07', 1001, 15),
(1, '2019-11-07', 1001, 18),
(1, '2019-11-07', 1001, 20),
(1, '2019-11-07', 1001, 23),
(1, '2019-11-07', 1001, 26),
(1, '2019-11-07', 1001, 29),
(1, '2019-11-07', 1001, 31),
(1, '2019-11-07', 1001, 33),
(1, '2019-11-07', 1001, 36),
(1, '2019-11-07', 1001, 38),
(1, '2019-11-07', 1001, 40),
(1, '2019-11-07', 1001, 3),
(1, '2019-11-07', 1001, 5),
(1, '2019-11-07', 1001, 7),
(1, '2019-11-07', 1001, 9),
(1, '2019-11-07', 1001, 11),
(1, '2019-11-07', 1001, 14),
(1, '2019-11-07', 1001, 16),
(1, '2019-11-07', 1001, 19),
(1, '2019-11-07', 1001, 24),
(1, '2019-11-07', 1001, 22),
(1, '2019-11-07', 1001, 25),
(1, '2019-11-07', 1001, 28),
(1, '2019-11-07', 1001, 30),
(1, '2019-11-07', 1001, 32),
(1, '2019-11-07', 1001, 34),
(1, '2019-11-07', 1001, 4),
(1, '2019-11-07', 1001, 8),
(1, '2019-11-07', 1001, 13),
(1, '2019-11-07', 1001, 17),
(1, '2019-11-07', 1001, 21),
(1, '2019-11-07', 1001, 27),
(1, '2019-11-07', 1001, 35),
(1, '2019-11-07', 1001, 37),
(1, '2019-11-07', 1001, 39),
(2, '2019-12-05', 1001, 1),
(2, '2019-12-05', 1001, 2),
(2, '2019-12-05', 1001, 6),
(2, '2019-12-05', 1001, 10),
(2, '2019-12-05', 1001, 12),
(2, '2019-12-05', 1001, 15),
(1, '2019-12-05', 1001, 18),
(1, '2019-12-05', 1001, 20),
(1, '2019-12-05', 1001, 23),
(1, '2019-12-05', 1001, 26),
(3, '2019-12-05', 1001, 29),
(3, '2019-12-05', 1001, 31),
(1, '2019-12-05', 1001, 33),
(1, '2019-12-05', 1001, 36),
(2, '2019-12-05', 1001, 38),
(1, '2019-12-05', 1001, 40),
(3, '2019-12-05', 1001, 3),
(1, '2019-12-05', 1001, 5),
(2, '2019-12-05', 1001, 7),
(1, '2019-12-05', 1001, 9),
(2, '2019-12-05', 1001, 11),
(1, '2019-12-05', 1001, 14),
(1, '2019-12-05', 1001, 16),
(1, '2019-12-05', 1001, 19),
(1, '2019-12-05', 1001, 24),
(1, '2019-12-05', 1001, 22),
(1, '2019-12-05', 1001, 25),
(1, '2019-12-05', 1001, 28),
(1, '2019-12-05', 1001, 30),
(1, '2019-12-05', 1001, 32),
(1, '2019-12-05', 1001, 34),
(2, '2019-12-05', 1001, 4),
(1, '2019-12-05', 1001, 8),
(1, '2019-12-05', 1001, 13),
(3, '2019-12-05', 1001, 17),
(1, '2019-12-05', 1001, 21),
(1, '2019-12-05', 1001, 27),
(2, '2019-12-05', 1001, 35),
(1, '2019-12-05', 1001, 37),
(1, '2019-12-05', 1001, 39),
(1, '2019-11-08', 1001, 1),
(1, '2019-11-08', 1001, 2),
(1, '2019-11-08', 1001, 6),
(1, '2019-11-08', 1001, 10),
(1, '2019-11-08', 1001, 12),
(1, '2019-11-08', 1001, 15),
(1, '2019-11-08', 1001, 18),
(1, '2019-11-08', 1001, 20),
(1, '2019-11-08', 1001, 23),
(1, '2019-11-08', 1001, 26),
(1, '2019-11-08', 1001, 29),
(1, '2019-11-08', 1001, 31),
(1, '2019-11-08', 1001, 33),
(1, '2019-11-08', 1001, 36),
(1, '2019-11-08', 1001, 38),
(1, '2019-11-08', 1001, 40),
(1, '2019-11-08', 1001, 3),
(1, '2019-11-08', 1001, 5),
(1, '2019-11-08', 1001, 7),
(1, '2019-11-08', 1001, 9),
(1, '2019-11-08', 1001, 11),
(1, '2019-11-08', 1001, 14),
(1, '2019-11-08', 1001, 16),
(1, '2019-11-08', 1001, 19),
(1, '2019-11-08', 1001, 24),
(1, '2019-11-08', 1001, 22),
(1, '2019-11-08', 1001, 25),
(1, '2019-11-08', 1001, 28),
(1, '2019-11-08', 1001, 30),
(1, '2019-11-08', 1001, 32),
(1, '2019-11-08', 1001, 34),
(1, '2019-11-08', 1001, 4),
(1, '2019-11-08', 1001, 8),
(1, '2019-11-08', 1001, 13),
(1, '2019-11-08', 1001, 17),
(1, '2019-11-08', 1001, 21),
(1, '2019-11-08', 1001, 27),
(1, '2019-11-08', 1001, 35),
(1, '2019-11-08', 1001, 37),
(1, '2019-11-08', 1001, 39),
(1, '2020-01-06', 1001, 1),
(1, '2020-01-06', 1001, 2),
(1, '2020-01-06', 1001, 6),
(3, '2020-01-06', 1001, 10),
(1, '2020-01-06', 1001, 12),
(1, '2020-01-06', 1001, 15),
(1, '2020-01-06', 1001, 18),
(1, '2020-01-06', 1001, 20),
(1, '2020-01-06', 1001, 23),
(1, '2020-01-06', 1001, 26),
(3, '2020-01-06', 1001, 29),
(1, '2020-01-06', 1001, 31),
(1, '2020-01-06', 1001, 33),
(1, '2020-01-06', 1001, 36),
(1, '2020-01-06', 1001, 38),
(1, '2020-01-06', 1001, 40),
(1, '2020-01-06', 1001, 3),
(1, '2020-01-06', 1001, 5),
(1, '2020-01-06', 1001, 7),
(1, '2020-01-06', 1001, 9),
(1, '2020-01-06', 1001, 11),
(1, '2020-01-06', 1001, 14),
(1, '2020-01-06', 1001, 16),
(1, '2020-01-06', 1001, 19),
(1, '2020-01-06', 1001, 24),
(1, '2020-01-06', 1001, 22),
(1, '2020-01-06', 1001, 25),
(1, '2020-01-06', 1001, 28),
(1, '2020-01-06', 1001, 30),
(1, '2020-01-06', 1001, 32),
(1, '2020-01-06', 1001, 34),
(1, '2020-01-06', 1001, 4),
(1, '2020-01-06', 1001, 8),
(1, '2020-01-06', 1001, 13),
(1, '2020-01-06', 1001, 17),
(2, '2020-01-06', 1001, 21),
(1, '2020-01-06', 1001, 27),
(1, '2020-01-06', 1001, 35),
(1, '2020-01-06', 1001, 37),
(1, '2020-01-06', 1001, 39),
(1, '2019-11-09', 1001, 1),
(1, '2019-11-09', 1001, 2),
(1, '2019-11-09', 1001, 6),
(1, '2019-11-09', 1001, 10),
(1, '2019-11-09', 1001, 12),
(1, '2019-11-09', 1001, 15),
(1, '2019-11-09', 1001, 18),
(1, '2019-11-09', 1001, 20),
(1, '2019-11-09', 1001, 23),
(1, '2019-11-09', 1001, 26),
(1, '2019-11-09', 1001, 29),
(1, '2019-11-09', 1001, 31),
(1, '2019-11-09', 1001, 33),
(1, '2019-11-09', 1001, 36),
(1, '2019-11-09', 1001, 38),
(1, '2019-11-09', 1001, 40),
(1, '2019-11-09', 1001, 3),
(1, '2019-11-09', 1001, 5),
(1, '2019-11-09', 1001, 7),
(1, '2019-11-09', 1001, 9),
(1, '2019-11-09', 1001, 11),
(1, '2019-11-09', 1001, 14),
(1, '2019-11-09', 1001, 16),
(1, '2019-11-09', 1001, 19),
(1, '2019-11-09', 1001, 24),
(1, '2019-11-09', 1001, 22),
(1, '2019-11-09', 1001, 25),
(1, '2019-11-09', 1001, 28),
(1, '2019-11-09', 1001, 30),
(1, '2019-11-09', 1001, 32),
(1, '2019-11-09', 1001, 34),
(1, '2019-11-09', 1001, 4),
(1, '2019-11-09', 1001, 8),
(1, '2019-11-09', 1001, 13),
(1, '2019-11-09', 1001, 17),
(1, '2019-11-09', 1001, 21),
(1, '2019-11-09', 1001, 27),
(1, '2019-11-09', 1001, 35),
(1, '2019-11-09', 1001, 37),
(1, '2019-11-09', 1001, 39),
(1, '2020-01-07', 1001, 1),
(1, '2020-01-07', 1001, 2),
(1, '2020-01-07', 1001, 6),
(1, '2020-01-07', 1001, 10),
(1, '2020-01-07', 1001, 12),
(1, '2020-01-07', 1001, 15),
(1, '2020-01-07', 1001, 18),
(1, '2020-01-07', 1001, 20),
(2, '2020-01-07', 1001, 23),
(1, '2020-01-07', 1001, 26),
(1, '2020-01-07', 1001, 29),
(1, '2020-01-07', 1001, 31),
(1, '2020-01-07', 1001, 33),
(1, '2020-01-07', 1001, 36),
(2, '2020-01-07', 1001, 38),
(1, '2020-01-07', 1001, 40),
(1, '2020-01-07', 1001, 3),
(1, '2020-01-07', 1001, 5),
(1, '2020-01-07', 1001, 7),
(1, '2020-01-07', 1001, 9),
(1, '2020-01-07', 1001, 11),
(1, '2020-01-07', 1001, 14),
(1, '2020-01-07', 1001, 16),
(1, '2020-01-07', 1001, 19),
(1, '2020-01-07', 1001, 24),
(1, '2020-01-07', 1001, 22),
(1, '2020-01-07', 1001, 25),
(1, '2020-01-07', 1001, 28),
(1, '2020-01-07', 1001, 30),
(1, '2020-01-07', 1001, 32),
(1, '2020-01-07', 1001, 34),
(3, '2020-01-07', 1001, 4),
(1, '2020-01-07', 1001, 8),
(1, '2020-01-07', 1001, 13),
(1, '2020-01-07', 1001, 17),
(1, '2020-01-07', 1001, 21),
(1, '2020-01-07', 1001, 27),
(1, '2020-01-07', 1001, 35),
(1, '2020-01-07', 1001, 37),
(1, '2020-01-07', 1001, 39),
(1, '2020-01-08', 1001, 1),
(1, '2020-01-08', 1001, 2),
(1, '2020-01-08', 1001, 6),
(1, '2020-01-08', 1001, 10),
(1, '2020-01-08', 1001, 12),
(1, '2020-01-08', 1001, 15),
(1, '2020-01-08', 1001, 18),
(1, '2020-01-08', 1001, 20),
(1, '2020-01-08', 1001, 23),
(1, '2020-01-08', 1001, 26),
(1, '2020-01-08', 1001, 29),
(1, '2020-01-08', 1001, 31),
(1, '2020-01-08', 1001, 33),
(1, '2020-01-08', 1001, 36),
(1, '2020-01-08', 1001, 38),
(1, '2020-01-08', 1001, 40),
(1, '2020-01-08', 1001, 3),
(3, '2020-01-08', 1001, 5),
(1, '2020-01-08', 1001, 7),
(1, '2020-01-08', 1001, 9),
(1, '2020-01-08', 1001, 11),
(1, '2020-01-08', 1001, 14),
(1, '2020-01-08', 1001, 16),
(1, '2020-01-08', 1001, 19),
(1, '2020-01-08', 1001, 24),
(1, '2020-01-08', 1001, 22),
(3, '2020-01-08', 1001, 25),
(1, '2020-01-08', 1001, 28),
(1, '2020-01-08', 1001, 30),
(1, '2020-01-08', 1001, 32),
(1, '2020-01-08', 1001, 34),
(1, '2020-01-08', 1001, 4),
(1, '2020-01-08', 1001, 8),
(1, '2020-01-08', 1001, 13),
(1, '2020-01-08', 1001, 17),
(1, '2020-01-08', 1001, 21),
(1, '2020-01-08', 1001, 27),
(1, '2020-01-08', 1001, 35),
(1, '2020-01-08', 1001, 37),
(1, '2020-01-08', 1001, 39),
(2, '2019-11-11', 1001, 1),
(2, '2019-11-11', 1001, 2),
(2, '2019-11-11', 1001, 6),
(2, '2019-11-11', 1001, 10),
(2, '2019-11-11', 1001, 12),
(2, '2019-11-11', 1001, 15),
(2, '2019-11-11', 1001, 18),
(2, '2019-11-11', 1001, 20),
(2, '2019-11-11', 1001, 23),
(2, '2019-11-11', 1001, 26),
(2, '2019-11-11', 1001, 29),
(3, '2019-11-11', 1001, 31),
(3, '2019-11-11', 1001, 33),
(1, '2019-11-11', 1001, 36),
(1, '2019-11-11', 1001, 38),
(3, '2019-11-11', 1001, 40),
(3, '2019-11-11', 1001, 3),
(1, '2019-11-11', 1001, 5),
(1, '2019-11-11', 1001, 7),
(2, '2019-11-11', 1001, 9),
(2, '2019-11-11', 1001, 11),
(2, '2019-11-11', 1001, 14),
(1, '2019-11-11', 1001, 16),
(1, '2019-11-11', 1001, 19),
(3, '2019-11-11', 1001, 24),
(2, '2019-11-11', 1001, 22),
(2, '2019-11-11', 1001, 25),
(3, '2019-11-11', 1001, 28),
(3, '2019-11-11', 1001, 30),
(1, '2019-11-11', 1001, 32),
(1, '2019-11-11', 1001, 34),
(2, '2019-11-11', 1001, 4),
(2, '2019-11-11', 1001, 8),
(2, '2019-11-11', 1001, 13),
(1, '2019-11-11', 1001, 17),
(1, '2019-11-11', 1001, 21),
(2, '2019-11-11', 1001, 27),
(2, '2019-11-11', 1001, 35),
(2, '2019-11-11', 1001, 37),
(1, '2019-11-11', 1001, 39),
(2, '2020-01-09', 1001, 1),
(1, '2020-01-09', 1001, 2),
(1, '2020-01-09', 1001, 6),
(1, '2020-01-09', 1001, 10),
(1, '2020-01-09', 1001, 12),
(1, '2020-01-09', 1001, 15),
(1, '2020-01-09', 1001, 18),
(1, '2020-01-09', 1001, 20),
(1, '2020-01-09', 1001, 23),
(1, '2020-01-09', 1001, 26),
(1, '2020-01-09', 1001, 29),
(1, '2020-01-09', 1001, 31),
(1, '2020-01-09', 1001, 33),
(1, '2020-01-09', 1001, 36),
(1, '2020-01-09', 1001, 38),
(1, '2020-01-09', 1001, 40),
(1, '2020-01-09', 1001, 3),
(1, '2020-01-09', 1001, 5),
(1, '2020-01-09', 1001, 7),
(1, '2020-01-09', 1001, 9),
(1, '2020-01-09', 1001, 11),
(1, '2020-01-09', 1001, 14),
(1, '2020-01-09', 1001, 16),
(1, '2020-01-09', 1001, 19),
(1, '2020-01-09', 1001, 24),
(1, '2020-01-09', 1001, 22),
(1, '2020-01-09', 1001, 25),
(1, '2020-01-09', 1001, 28),
(1, '2020-01-09', 1001, 30),
(2, '2020-01-09', 1001, 32),
(1, '2020-01-09', 1001, 34),
(1, '2020-01-09', 1001, 4),
(1, '2020-01-09', 1001, 8),
(1, '2020-01-09', 1001, 13),
(1, '2020-01-09', 1001, 17),
(1, '2020-01-09', 1001, 21),
(1, '2020-01-09', 1001, 27),
(3, '2020-01-09', 1001, 35),
(1, '2020-01-09', 1001, 37),
(1, '2020-01-09', 1001, 39),
(1, '2019-11-12', 1001, 1),
(1, '2019-11-12', 1001, 2),
(1, '2019-11-12', 1001, 6),
(1, '2019-11-12', 1001, 10),
(1, '2019-11-12', 1001, 12),
(1, '2019-11-12', 1001, 15),
(1, '2019-11-12', 1001, 18),
(1, '2019-11-12', 1001, 20),
(1, '2019-11-12', 1001, 23),
(1, '2019-11-12', 1001, 26),
(1, '2019-11-12', 1001, 29),
(1, '2019-11-12', 1001, 31),
(1, '2019-11-12', 1001, 33),
(1, '2019-11-12', 1001, 36),
(1, '2019-11-12', 1001, 38),
(1, '2019-11-12', 1001, 40),
(1, '2019-11-12', 1001, 3),
(1, '2019-11-12', 1001, 5),
(1, '2019-11-12', 1001, 7),
(1, '2019-11-12', 1001, 9),
(1, '2019-11-12', 1001, 11),
(1, '2019-11-12', 1001, 14),
(1, '2019-11-12', 1001, 16),
(1, '2019-11-12', 1001, 19),
(1, '2019-11-12', 1001, 24),
(1, '2019-11-12', 1001, 22),
(1, '2019-11-12', 1001, 25),
(1, '2019-11-12', 1001, 28),
(1, '2019-11-12', 1001, 30),
(1, '2019-11-12', 1001, 32),
(1, '2019-11-12', 1001, 34),
(1, '2019-11-12', 1001, 4),
(1, '2019-11-12', 1001, 8),
(1, '2019-11-12', 1001, 13),
(1, '2019-11-12', 1001, 17),
(1, '2019-11-12', 1001, 21),
(1, '2019-11-12', 1001, 27),
(1, '2019-11-12', 1001, 35),
(1, '2019-11-12', 1001, 37),
(1, '2019-11-12', 1001, 39),
(1, '2020-01-10', 1001, 1),
(1, '2020-01-10', 1001, 2),
(1, '2020-01-10', 1001, 6),
(1, '2020-01-10', 1001, 10),
(1, '2020-01-10', 1001, 12),
(1, '2020-01-10', 1001, 15),
(1, '2020-01-10', 1001, 18),
(1, '2020-01-10', 1001, 20),
(1, '2020-01-10', 1001, 23),
(1, '2020-01-10', 1001, 26),
(1, '2020-01-10', 1001, 29),
(1, '2020-01-10', 1001, 31),
(1, '2020-01-10', 1001, 33),
(1, '2020-01-10', 1001, 36),
(1, '2020-01-10', 1001, 38),
(1, '2020-01-10', 1001, 40),
(1, '2020-01-10', 1001, 3),
(1, '2020-01-10', 1001, 5),
(1, '2020-01-10', 1001, 7),
(1, '2020-01-10', 1001, 9),
(1, '2020-01-10', 1001, 11),
(1, '2020-01-10', 1001, 14),
(1, '2020-01-10', 1001, 16),
(1, '2020-01-10', 1001, 19),
(1, '2020-01-10', 1001, 24),
(1, '2020-01-10', 1001, 22),
(1, '2020-01-10', 1001, 25),
(1, '2020-01-10', 1001, 28),
(1, '2020-01-10', 1001, 30),
(1, '2020-01-10', 1001, 32),
(1, '2020-01-10', 1001, 34),
(1, '2020-01-10', 1001, 4),
(1, '2020-01-10', 1001, 8),
(1, '2020-01-10', 1001, 13),
(1, '2020-01-10', 1001, 17),
(1, '2020-01-10', 1001, 21),
(1, '2020-01-10', 1001, 27),
(1, '2020-01-10', 1001, 35),
(1, '2020-01-10', 1001, 37),
(1, '2020-01-10', 1001, 39),
(1, '2019-11-13', 1001, 1),
(1, '2019-11-13', 1001, 2),
(1, '2019-11-13', 1001, 6),
(2, '2019-11-13', 1001, 10),
(2, '2019-11-13', 1001, 12),
(1, '2019-11-13', 1001, 15),
(1, '2019-11-13', 1001, 18),
(1, '2019-11-13', 1001, 20),
(1, '2019-11-13', 1001, 23),
(1, '2019-11-13', 1001, 26),
(2, '2019-11-13', 1001, 29),
(2, '2019-11-13', 1001, 31),
(1, '2019-11-13', 1001, 33),
(1, '2019-11-13', 1001, 36),
(2, '2019-11-13', 1001, 38),
(2, '2019-11-13', 1001, 40),
(1, '2019-11-13', 1001, 3),
(1, '2019-11-13', 1001, 5),
(2, '2019-11-13', 1001, 7),
(2, '2019-11-13', 1001, 9),
(1, '2019-11-13', 1001, 11),
(1, '2019-11-13', 1001, 14),
(1, '2019-11-13', 1001, 16),
(1, '2019-11-13', 1001, 19),
(1, '2019-11-13', 1001, 24),
(1, '2019-11-13', 1001, 22),
(1, '2019-11-13', 1001, 25),
(1, '2019-11-13', 1001, 28),
(2, '2019-11-13', 1001, 30),
(2, '2019-11-13', 1001, 32),
(2, '2019-11-13', 1001, 34),
(1, '2019-11-13', 1001, 4),
(3, '2019-11-13', 1001, 8),
(3, '2019-11-13', 1001, 13),
(3, '2019-11-13', 1001, 17),
(1, '2019-11-13', 1001, 21),
(1, '2019-11-13', 1001, 27),
(1, '2019-11-13', 1001, 35),
(1, '2019-11-13', 1001, 37),
(1, '2019-11-13', 1001, 39),
(1, '2019-11-14', 1001, 1),
(1, '2019-11-14', 1001, 2),
(1, '2019-11-14', 1001, 6),
(1, '2019-11-14', 1001, 10),
(1, '2019-11-14', 1001, 12),
(1, '2019-11-14', 1001, 15),
(1, '2019-11-14', 1001, 18),
(1, '2019-11-14', 1001, 20),
(1, '2019-11-14', 1001, 23),
(1, '2019-11-14', 1001, 26),
(1, '2019-11-14', 1001, 29),
(1, '2019-11-14', 1001, 31),
(1, '2019-11-14', 1001, 33),
(1, '2019-11-14', 1001, 36),
(1, '2019-11-14', 1001, 38),
(1, '2019-11-14', 1001, 40),
(1, '2019-11-14', 1001, 3),
(1, '2019-11-14', 1001, 5),
(1, '2019-11-14', 1001, 7),
(1, '2019-11-14', 1001, 9),
(1, '2019-11-14', 1001, 11),
(1, '2019-11-14', 1001, 14),
(1, '2019-11-14', 1001, 16),
(1, '2019-11-14', 1001, 19),
(1, '2019-11-14', 1001, 24),
(1, '2019-11-14', 1001, 22),
(1, '2019-11-14', 1001, 25),
(1, '2019-11-14', 1001, 28),
(1, '2019-11-14', 1001, 30),
(1, '2019-11-14', 1001, 32),
(1, '2019-11-14', 1001, 34),
(1, '2019-11-14', 1001, 4),
(1, '2019-11-14', 1001, 8),
(1, '2019-11-14', 1001, 13),
(1, '2019-11-14', 1001, 17),
(1, '2019-11-14', 1001, 21),
(1, '2019-11-14', 1001, 27),
(1, '2019-11-14', 1001, 35),
(1, '2019-11-14', 1001, 37),
(1, '2019-11-14', 1001, 39),
(1, '2019-11-15', 1001, 1),
(1, '2019-11-15', 1001, 2),
(1, '2019-11-15', 1001, 6),
(1, '2019-11-15', 1001, 10),
(1, '2019-11-15', 1001, 12),
(1, '2019-11-15', 1001, 15),
(1, '2019-11-15', 1001, 18),
(1, '2019-11-15', 1001, 20),
(1, '2019-11-15', 1001, 23),
(1, '2019-11-15', 1001, 26),
(1, '2019-11-15', 1001, 29),
(1, '2019-11-15', 1001, 31),
(1, '2019-11-15', 1001, 33),
(1, '2019-11-15', 1001, 36),
(1, '2019-11-15', 1001, 38),
(1, '2019-11-15', 1001, 40),
(1, '2019-11-15', 1001, 3),
(1, '2019-11-15', 1001, 5),
(1, '2019-11-15', 1001, 7),
(1, '2019-11-15', 1001, 9),
(1, '2019-11-15', 1001, 11),
(1, '2019-11-15', 1001, 14),
(1, '2019-11-15', 1001, 16),
(1, '2019-11-15', 1001, 19),
(1, '2019-11-15', 1001, 24),
(1, '2019-11-15', 1001, 22),
(1, '2019-11-15', 1001, 25),
(1, '2019-11-15', 1001, 28),
(1, '2019-11-15', 1001, 30),
(1, '2019-11-15', 1001, 32),
(1, '2019-11-15', 1001, 34),
(1, '2019-11-15', 1001, 4),
(1, '2019-11-15', 1001, 8),
(1, '2019-11-15', 1001, 13),
(1, '2019-11-15', 1001, 17),
(1, '2019-11-15', 1001, 21),
(1, '2019-11-15', 1001, 27),
(1, '2019-11-15', 1001, 35),
(1, '2019-11-15', 1001, 37),
(1, '2019-11-15', 1001, 39),
(1, '2019-12-09', 1001, 1),
(1, '2019-12-09', 1001, 2),
(1, '2019-12-09', 1001, 6),
(1, '2019-12-09', 1001, 10),
(1, '2019-12-09', 1001, 12),
(1, '2019-12-09', 1001, 15),
(1, '2019-12-09', 1001, 18),
(1, '2019-12-09', 1001, 20),
(1, '2019-12-09', 1001, 23),
(1, '2019-12-09', 1001, 26),
(1, '2019-12-09', 1001, 29),
(1, '2019-12-09', 1001, 31),
(1, '2019-12-09', 1001, 33),
(1, '2019-12-09', 1001, 36),
(1, '2019-12-09', 1001, 38),
(1, '2019-12-09', 1001, 40),
(1, '2019-12-09', 1001, 3),
(1, '2019-12-09', 1001, 5),
(1, '2019-12-09', 1001, 7),
(1, '2019-12-09', 1001, 9),
(1, '2019-12-09', 1001, 11),
(1, '2019-12-09', 1001, 14),
(1, '2019-12-09', 1001, 16),
(1, '2019-12-09', 1001, 19),
(1, '2019-12-09', 1001, 24),
(1, '2019-12-09', 1001, 22),
(1, '2019-12-09', 1001, 25),
(1, '2019-12-09', 1001, 28),
(1, '2019-12-09', 1001, 30),
(1, '2019-12-09', 1001, 32),
(1, '2019-12-09', 1001, 34),
(1, '2019-12-09', 1001, 4),
(1, '2019-12-09', 1001, 8),
(1, '2019-12-09', 1001, 13),
(1, '2019-12-09', 1001, 17),
(1, '2019-12-09', 1001, 21),
(1, '2019-12-09', 1001, 27),
(1, '2019-12-09', 1001, 35),
(1, '2019-12-09', 1001, 37),
(1, '2019-12-09', 1001, 39),
(1, '2019-11-16', 1001, 1),
(1, '2019-11-16', 1001, 2),
(1, '2019-11-16', 1001, 6),
(1, '2019-11-16', 1001, 10),
(1, '2019-11-16', 1001, 12),
(1, '2019-11-16', 1001, 15),
(1, '2019-11-16', 1001, 18),
(1, '2019-11-16', 1001, 20),
(1, '2019-11-16', 1001, 23),
(1, '2019-11-16', 1001, 26),
(1, '2019-11-16', 1001, 29),
(1, '2019-11-16', 1001, 31),
(1, '2019-11-16', 1001, 33),
(1, '2019-11-16', 1001, 36),
(1, '2019-11-16', 1001, 38),
(1, '2019-11-16', 1001, 40),
(1, '2019-11-16', 1001, 3),
(1, '2019-11-16', 1001, 5),
(1, '2019-11-16', 1001, 7),
(1, '2019-11-16', 1001, 9),
(1, '2019-11-16', 1001, 11),
(1, '2019-11-16', 1001, 14),
(1, '2019-11-16', 1001, 16),
(1, '2019-11-16', 1001, 19),
(1, '2019-11-16', 1001, 24),
(1, '2019-11-16', 1001, 22),
(1, '2019-11-16', 1001, 25),
(1, '2019-11-16', 1001, 28),
(1, '2019-11-16', 1001, 30),
(1, '2019-11-16', 1001, 32),
(1, '2019-11-16', 1001, 34),
(1, '2019-11-16', 1001, 4),
(1, '2019-11-16', 1001, 8),
(1, '2019-11-16', 1001, 13),
(1, '2019-11-16', 1001, 17),
(1, '2019-11-16', 1001, 21),
(1, '2019-11-16', 1001, 27),
(1, '2019-11-16', 1001, 35),
(1, '2019-11-16', 1001, 37),
(1, '2019-11-16', 1001, 39),
(1, '2020-01-11', 1001, 1),
(1, '2020-01-11', 1001, 2),
(1, '2020-01-11', 1001, 6),
(1, '2020-01-11', 1001, 10),
(1, '2020-01-11', 1001, 12),
(1, '2020-01-11', 1001, 15),
(1, '2020-01-11', 1001, 18),
(1, '2020-01-11', 1001, 20),
(1, '2020-01-11', 1001, 23),
(1, '2020-01-11', 1001, 26),
(1, '2020-01-11', 1001, 29),
(1, '2020-01-11', 1001, 31),
(1, '2020-01-11', 1001, 33),
(1, '2020-01-11', 1001, 36),
(2, '2020-01-11', 1001, 38),
(1, '2020-01-11', 1001, 40),
(2, '2020-01-11', 1001, 3),
(1, '2020-01-11', 1001, 5),
(1, '2020-01-11', 1001, 7),
(1, '2020-01-11', 1001, 9),
(1, '2020-01-11', 1001, 11),
(2, '2020-01-11', 1001, 14),
(1, '2020-01-11', 1001, 16),
(1, '2020-01-11', 1001, 19),
(1, '2020-01-11', 1001, 24),
(2, '2020-01-11', 1001, 22),
(1, '2020-01-11', 1001, 25),
(1, '2020-01-11', 1001, 28),
(1, '2020-01-11', 1001, 30),
(1, '2020-01-11', 1001, 32),
(1, '2020-01-11', 1001, 34),
(1, '2020-01-11', 1001, 4),
(1, '2020-01-11', 1001, 8),
(1, '2020-01-11', 1001, 13),
(2, '2020-01-11', 1001, 17),
(1, '2020-01-11', 1001, 21),
(1, '2020-01-11', 1001, 27),
(1, '2020-01-11', 1001, 35),
(1, '2020-01-11', 1001, 37),
(1, '2020-01-11', 1001, 39),
(2, '2019-12-10', 1001, 1),
(1, '2019-12-10', 1001, 2),
(1, '2019-12-10', 1001, 6),
(3, '2019-12-10', 1001, 10),
(1, '2019-12-10', 1001, 12),
(1, '2019-12-10', 1001, 15),
(1, '2019-12-10', 1001, 18),
(1, '2019-12-10', 1001, 20),
(1, '2019-12-10', 1001, 23),
(1, '2019-12-10', 1001, 26),
(1, '2019-12-10', 1001, 29),
(1, '2019-12-10', 1001, 31),
(1, '2019-12-10', 1001, 33),
(1, '2019-12-10', 1001, 36),
(1, '2019-12-10', 1001, 38),
(3, '2019-12-10', 1001, 40),
(1, '2019-12-10', 1001, 3),
(1, '2019-12-10', 1001, 5),
(1, '2019-12-10', 1001, 7),
(1, '2019-12-10', 1001, 9),
(3, '2019-12-10', 1001, 11),
(3, '2019-12-10', 1001, 14),
(1, '2019-12-10', 1001, 16),
(1, '2019-12-10', 1001, 19),
(1, '2019-12-10', 1001, 24),
(1, '2019-12-10', 1001, 22),
(1, '2019-12-10', 1001, 25),
(1, '2019-12-10', 1001, 28),
(3, '2019-12-10', 1001, 30),
(1, '2019-12-10', 1001, 32),
(2, '2019-12-10', 1001, 34),
(1, '2019-12-10', 1001, 4),
(1, '2019-12-10', 1001, 8),
(1, '2019-12-10', 1001, 13),
(1, '2019-12-10', 1001, 17),
(1, '2019-12-10', 1001, 21),
(1, '2019-12-10', 1001, 27),
(1, '2019-12-10', 1001, 35),
(1, '2019-12-10', 1001, 37),
(2, '2019-12-10', 1001, 39),
(1, '2020-01-13', 1001, 1),
(2, '2020-01-13', 1001, 2),
(1, '2020-01-13', 1001, 6),
(1, '2020-01-13', 1001, 10),
(1, '2020-01-13', 1001, 12),
(1, '2020-01-13', 1001, 15),
(2, '2020-01-13', 1001, 18),
(1, '2020-01-13', 1001, 20),
(1, '2020-01-13', 1001, 23),
(1, '2020-01-13', 1001, 26),
(1, '2020-01-13', 1001, 29),
(1, '2020-01-13', 1001, 31),
(1, '2020-01-13', 1001, 33),
(2, '2020-01-13', 1001, 36),
(1, '2020-01-13', 1001, 38),
(2, '2020-01-13', 1001, 40),
(2, '2020-01-13', 1001, 3),
(1, '2020-01-13', 1001, 5),
(1, '2020-01-13', 1001, 7),
(1, '2020-01-13', 1001, 9),
(2, '2020-01-13', 1001, 11),
(1, '2020-01-13', 1001, 14),
(2, '2020-01-13', 1001, 16),
(1, '2020-01-13', 1001, 19),
(1, '2020-01-13', 1001, 24),
(2, '2020-01-13', 1001, 22),
(1, '2020-01-13', 1001, 25),
(1, '2020-01-13', 1001, 28),
(1, '2020-01-13', 1001, 30),
(1, '2020-01-13', 1001, 32),
(1, '2020-01-13', 1001, 34),
(1, '2020-01-13', 1001, 4),
(1, '2020-01-13', 1001, 8),
(1, '2020-01-13', 1001, 13),
(1, '2020-01-13', 1001, 17),
(1, '2020-01-13', 1001, 21),
(1, '2020-01-13', 1001, 27),
(1, '2020-01-13', 1001, 35),
(1, '2020-01-13', 1001, 37),
(1, '2020-01-13', 1001, 39),
(1, '2019-11-18', 1001, 1),
(2, '2019-11-18', 1001, 2),
(1, '2019-11-18', 1001, 6),
(2, '2019-11-18', 1001, 10),
(1, '2019-11-18', 1001, 12),
(2, '2019-11-18', 1001, 15),
(1, '2019-11-18', 1001, 18),
(2, '2019-11-18', 1001, 20),
(1, '2019-11-18', 1001, 23),
(2, '2019-11-18', 1001, 26),
(2, '2019-11-18', 1001, 29),
(1, '2019-11-18', 1001, 31),
(2, '2019-11-18', 1001, 33),
(1, '2019-11-18', 1001, 36),
(1, '2019-11-18', 1001, 38),
(2, '2019-11-18', 1001, 40),
(2, '2019-11-18', 1001, 3),
(1, '2019-11-18', 1001, 5),
(2, '2019-11-18', 1001, 7),
(1, '2019-11-18', 1001, 9),
(1, '2019-11-18', 1001, 11),
(2, '2019-11-18', 1001, 14),
(2, '2019-11-18', 1001, 16),
(2, '2019-11-18', 1001, 19),
(1, '2019-11-18', 1001, 24),
(1, '2019-11-18', 1001, 22),
(1, '2019-11-18', 1001, 25),
(1, '2019-11-18', 1001, 28),
(2, '2019-11-18', 1001, 30),
(2, '2019-11-18', 1001, 32),
(2, '2019-11-18', 1001, 34),
(1, '2019-11-18', 1001, 4),
(1, '2019-11-18', 1001, 8),
(1, '2019-11-18', 1001, 13),
(1, '2019-11-18', 1001, 17),
(2, '2019-11-18', 1001, 21),
(2, '2019-11-18', 1001, 27),
(2, '2019-11-18', 1001, 35),
(2, '2019-11-18', 1001, 37),
(1, '2019-11-18', 1001, 39),
(1, '2019-11-19', 1001, 1),
(1, '2019-11-19', 1001, 2),
(1, '2019-11-19', 1001, 6),
(1, '2019-11-19', 1001, 10),
(1, '2019-11-19', 1001, 12),
(1, '2019-11-19', 1001, 15),
(1, '2019-11-19', 1001, 18),
(1, '2019-11-19', 1001, 20),
(1, '2019-11-19', 1001, 23),
(1, '2019-11-19', 1001, 26),
(1, '2019-11-19', 1001, 29),
(1, '2019-11-19', 1001, 31),
(1, '2019-11-19', 1001, 33),
(1, '2019-11-19', 1001, 36),
(1, '2019-11-19', 1001, 38),
(1, '2019-11-19', 1001, 40),
(1, '2019-11-19', 1001, 3),
(1, '2019-11-19', 1001, 5),
(1, '2019-11-19', 1001, 7),
(1, '2019-11-19', 1001, 9),
(1, '2019-11-19', 1001, 11),
(1, '2019-11-19', 1001, 14),
(1, '2019-11-19', 1001, 16),
(1, '2019-11-19', 1001, 19),
(1, '2019-11-19', 1001, 24),
(1, '2019-11-19', 1001, 22),
(1, '2019-11-19', 1001, 25),
(1, '2019-11-19', 1001, 28),
(1, '2019-11-19', 1001, 30),
(1, '2019-11-19', 1001, 32),
(1, '2019-11-19', 1001, 34),
(1, '2019-11-19', 1001, 4),
(1, '2019-11-19', 1001, 8),
(1, '2019-11-19', 1001, 13),
(1, '2019-11-19', 1001, 17),
(1, '2019-11-19', 1001, 21),
(1, '2019-11-19', 1001, 27),
(1, '2019-11-19', 1001, 35),
(1, '2019-11-19', 1001, 37),
(1, '2019-11-19', 1001, 39),
(1, '2019-12-11', 1001, 1),
(1, '2019-12-11', 1001, 2),
(2, '2019-12-11', 1001, 6),
(1, '2019-12-11', 1001, 10),
(1, '2019-12-11', 1001, 12),
(1, '2019-12-11', 1001, 15),
(1, '2019-12-11', 1001, 18),
(2, '2019-12-11', 1001, 20),
(1, '2019-12-11', 1001, 23),
(1, '2019-12-11', 1001, 26),
(2, '2019-12-11', 1001, 29),
(1, '2019-12-11', 1001, 31),
(1, '2019-12-11', 1001, 33),
(1, '2019-12-11', 1001, 36),
(1, '2019-12-11', 1001, 38),
(2, '2019-12-11', 1001, 40),
(1, '2019-12-11', 1001, 3),
(1, '2019-12-11', 1001, 5),
(1, '2019-12-11', 1001, 7),
(3, '2019-12-11', 1001, 9),
(3, '2019-12-11', 1001, 11),
(1, '2019-12-11', 1001, 14),
(1, '2019-12-11', 1001, 16),
(1, '2019-12-11', 1001, 19),
(1, '2019-12-11', 1001, 24),
(1, '2019-12-11', 1001, 22),
(1, '2019-12-11', 1001, 25),
(1, '2019-12-11', 1001, 28),
(1, '2019-12-11', 1001, 30),
(1, '2019-12-11', 1001, 32),
(1, '2019-12-11', 1001, 34),
(1, '2019-12-11', 1001, 4),
(1, '2019-12-11', 1001, 8),
(1, '2019-12-11', 1001, 13),
(1, '2019-12-11', 1001, 17),
(1, '2019-12-11', 1001, 21),
(1, '2019-12-11', 1001, 27),
(2, '2019-12-11', 1001, 35),
(2, '2019-12-11', 1001, 37),
(1, '2019-12-11', 1001, 39),
(1, '2020-01-14', 1001, 1),
(1, '2020-01-14', 1001, 2),
(2, '2020-01-14', 1001, 6),
(1, '2020-01-14', 1001, 10),
(1, '2020-01-14', 1001, 12),
(2, '2020-01-14', 1001, 15),
(1, '2020-01-14', 1001, 18),
(1, '2020-01-14', 1001, 20),
(1, '2020-01-14', 1001, 23),
(1, '2020-01-14', 1001, 26),
(2, '2020-01-14', 1001, 29),
(1, '2020-01-14', 1001, 31),
(1, '2020-01-14', 1001, 33),
(2, '2020-01-14', 1001, 36),
(1, '2020-01-14', 1001, 38),
(2, '2020-01-14', 1001, 40),
(1, '2020-01-14', 1001, 3),
(1, '2020-01-14', 1001, 5),
(1, '2020-01-14', 1001, 7),
(1, '2020-01-14', 1001, 9),
(1, '2020-01-14', 1001, 11),
(1, '2020-01-14', 1001, 14),
(1, '2020-01-14', 1001, 16),
(1, '2020-01-14', 1001, 19),
(2, '2020-01-14', 1001, 24),
(1, '2020-01-14', 1001, 22),
(2, '2020-01-14', 1001, 25),
(1, '2020-01-14', 1001, 28),
(2, '2020-01-14', 1001, 30),
(1, '2020-01-14', 1001, 32),
(1, '2020-01-14', 1001, 34),
(1, '2020-01-14', 1001, 4),
(3, '2020-01-14', 1001, 8),
(1, '2020-01-14', 1001, 13),
(1, '2020-01-14', 1001, 17),
(2, '2020-01-14', 1001, 21),
(2, '2020-01-14', 1001, 27),
(1, '2020-01-14', 1001, 35),
(1, '2020-01-14', 1001, 37),
(1, '2020-01-14', 1001, 39),
(1, '2019-12-12', 1001, 1),
(1, '2019-12-12', 1001, 2),
(1, '2019-12-12', 1001, 6),
(1, '2019-12-12', 1001, 10),
(1, '2019-12-12', 1001, 12),
(1, '2019-12-12', 1001, 15),
(1, '2019-12-12', 1001, 18),
(1, '2019-12-12', 1001, 20),
(1, '2019-12-12', 1001, 23),
(1, '2019-12-12', 1001, 26),
(1, '2019-12-12', 1001, 29),
(1, '2019-12-12', 1001, 31),
(1, '2019-12-12', 1001, 33),
(1, '2019-12-12', 1001, 36),
(1, '2019-12-12', 1001, 38),
(1, '2019-12-12', 1001, 40),
(1, '2019-12-12', 1001, 3),
(1, '2019-12-12', 1001, 5),
(1, '2019-12-12', 1001, 7),
(1, '2019-12-12', 1001, 9),
(1, '2019-12-12', 1001, 11),
(1, '2019-12-12', 1001, 14),
(1, '2019-12-12', 1001, 16),
(1, '2019-12-12', 1001, 19),
(1, '2019-12-12', 1001, 24),
(1, '2019-12-12', 1001, 22),
(1, '2019-12-12', 1001, 25),
(1, '2019-12-12', 1001, 28),
(1, '2019-12-12', 1001, 30),
(1, '2019-12-12', 1001, 32),
(1, '2019-12-12', 1001, 34),
(1, '2019-12-12', 1001, 4),
(1, '2019-12-12', 1001, 8),
(1, '2019-12-12', 1001, 13),
(1, '2019-12-12', 1001, 17),
(1, '2019-12-12', 1001, 21),
(1, '2019-12-12', 1001, 27),
(1, '2019-12-12', 1001, 35),
(1, '2019-12-12', 1001, 37),
(1, '2019-12-12', 1001, 39),
(1, '2020-01-15', 1001, 1),
(3, '2020-01-15', 1001, 2),
(1, '2020-01-15', 1001, 6),
(1, '2020-01-15', 1001, 10),
(2, '2020-01-15', 1001, 12),
(1, '2020-01-15', 1001, 15),
(1, '2020-01-15', 1001, 18),
(2, '2020-01-15', 1001, 20),
(2, '2020-01-15', 1001, 23),
(1, '2020-01-15', 1001, 26),
(1, '2020-01-15', 1001, 29),
(1, '2020-01-15', 1001, 31),
(1, '2020-01-15', 1001, 33),
(1, '2020-01-15', 1001, 36),
(2, '2020-01-15', 1001, 38),
(1, '2020-01-15', 1001, 40),
(1, '2020-01-15', 1001, 3),
(2, '2020-01-15', 1001, 5),
(3, '2020-01-15', 1001, 7),
(1, '2020-01-15', 1001, 9),
(2, '2020-01-15', 1001, 11),
(1, '2020-01-15', 1001, 14),
(1, '2020-01-15', 1001, 16),
(1, '2020-01-15', 1001, 19),
(1, '2020-01-15', 1001, 24),
(1, '2020-01-15', 1001, 22),
(1, '2020-01-15', 1001, 25),
(1, '2020-01-15', 1001, 28),
(1, '2020-01-15', 1001, 30),
(1, '2020-01-15', 1001, 32),
(1, '2020-01-15', 1001, 34),
(1, '2020-01-15', 1001, 4),
(1, '2020-01-15', 1001, 8),
(1, '2020-01-15', 1001, 13),
(1, '2020-01-15', 1001, 17),
(1, '2020-01-15', 1001, 21),
(1, '2020-01-15', 1001, 27),
(2, '2020-01-15', 1001, 35),
(2, '2020-01-15', 1001, 37),
(2, '2020-01-15', 1001, 39),
(1, '2019-11-20', 1001, 1),
(1, '2019-11-20', 1001, 2),
(2, '2019-11-20', 1001, 6),
(2, '2019-11-20', 1001, 10),
(1, '2019-11-20', 1001, 12),
(2, '2019-11-20', 1001, 15),
(2, '2019-11-20', 1001, 18),
(1, '2019-11-20', 1001, 20),
(1, '2019-11-20', 1001, 23),
(1, '2019-11-20', 1001, 26),
(2, '2019-11-20', 1001, 29),
(2, '2019-11-20', 1001, 31),
(2, '2019-11-20', 1001, 33),
(2, '2019-11-20', 1001, 36),
(2, '2019-11-20', 1001, 38),
(1, '2019-11-20', 1001, 40),
(1, '2019-11-20', 1001, 3),
(1, '2019-11-20', 1001, 5),
(2, '2019-11-20', 1001, 7),
(2, '2019-11-20', 1001, 9),
(2, '2019-11-20', 1001, 11),
(2, '2019-11-20', 1001, 14),
(2, '2019-11-20', 1001, 16),
(2, '2019-11-20', 1001, 19),
(2, '2019-11-20', 1001, 24),
(2, '2019-11-20', 1001, 22),
(2, '2019-11-20', 1001, 25),
(2, '2019-11-20', 1001, 28),
(2, '2019-11-20', 1001, 30),
(1, '2019-11-20', 1001, 32),
(2, '2019-11-20', 1001, 34),
(2, '2019-11-20', 1001, 4),
(2, '2019-11-20', 1001, 8),
(2, '2019-11-20', 1001, 13),
(2, '2019-11-20', 1001, 17),
(1, '2019-11-20', 1001, 21),
(1, '2019-11-20', 1001, 27),
(2, '2019-11-20', 1001, 35),
(2, '2019-11-20', 1001, 37),
(1, '2019-11-20', 1001, 39),
(1, '2019-11-21', 1001, 1),
(1, '2019-11-21', 1001, 2),
(1, '2019-11-21', 1001, 6),
(1, '2019-11-21', 1001, 10),
(1, '2019-11-21', 1001, 12),
(1, '2019-11-21', 1001, 15),
(1, '2019-11-21', 1001, 18),
(1, '2019-11-21', 1001, 20),
(1, '2019-11-21', 1001, 23),
(1, '2019-11-21', 1001, 26),
(1, '2019-11-21', 1001, 29),
(1, '2019-11-21', 1001, 31),
(1, '2019-11-21', 1001, 33),
(1, '2019-11-21', 1001, 36),
(1, '2019-11-21', 1001, 38),
(1, '2019-11-21', 1001, 40),
(1, '2019-11-21', 1001, 3),
(1, '2019-11-21', 1001, 5),
(1, '2019-11-21', 1001, 7),
(1, '2019-11-21', 1001, 9),
(1, '2019-11-21', 1001, 11),
(1, '2019-11-21', 1001, 14),
(1, '2019-11-21', 1001, 16),
(1, '2019-11-21', 1001, 19),
(1, '2019-11-21', 1001, 24),
(1, '2019-11-21', 1001, 22),
(1, '2019-11-21', 1001, 25),
(1, '2019-11-21', 1001, 28),
(1, '2019-11-21', 1001, 30),
(1, '2019-11-21', 1001, 32),
(1, '2019-11-21', 1001, 34),
(1, '2019-11-21', 1001, 4),
(1, '2019-11-21', 1001, 8),
(1, '2019-11-21', 1001, 13),
(1, '2019-11-21', 1001, 17),
(1, '2019-11-21', 1001, 21),
(1, '2019-11-21', 1001, 27),
(1, '2019-11-21', 1001, 35),
(1, '2019-11-21', 1001, 37),
(1, '2019-11-21', 1001, 39),
(1, '2019-12-15', 1001, 1),
(1, '2019-12-15', 1001, 2),
(1, '2019-12-15', 1001, 6),
(1, '2019-12-15', 1001, 10),
(1, '2019-12-15', 1001, 12),
(1, '2019-12-15', 1001, 15),
(1, '2019-12-15', 1001, 18),
(1, '2019-12-15', 1001, 20),
(1, '2019-12-15', 1001, 23),
(1, '2019-12-15', 1001, 26),
(1, '2019-12-15', 1001, 29),
(1, '2019-12-15', 1001, 31),
(1, '2019-12-15', 1001, 33),
(1, '2019-12-15', 1001, 36),
(1, '2019-12-15', 1001, 38),
(1, '2019-12-15', 1001, 40),
(1, '2019-12-15', 1001, 3),
(1, '2019-12-15', 1001, 5),
(1, '2019-12-15', 1001, 7),
(1, '2019-12-15', 1001, 9),
(1, '2019-12-15', 1001, 11),
(1, '2019-12-15', 1001, 14),
(1, '2019-12-15', 1001, 16),
(1, '2019-12-15', 1001, 19),
(1, '2019-12-15', 1001, 24),
(1, '2019-12-15', 1001, 22),
(1, '2019-12-15', 1001, 25),
(1, '2019-12-15', 1001, 28),
(1, '2019-12-15', 1001, 30),
(1, '2019-12-15', 1001, 32),
(1, '2019-12-15', 1001, 34),
(1, '2019-12-15', 1001, 4),
(1, '2019-12-15', 1001, 8),
(1, '2019-12-15', 1001, 13),
(1, '2019-12-15', 1001, 17),
(1, '2019-12-15', 1001, 21),
(1, '2019-12-15', 1001, 27),
(1, '2019-12-15', 1001, 35),
(1, '2019-12-15', 1001, 37),
(1, '2019-12-15', 1001, 39),
(2, '2020-01-16', 1001, 1),
(2, '2020-01-16', 1001, 2),
(1, '2020-01-16', 1001, 6),
(2, '2020-01-16', 1001, 10),
(1, '2020-01-16', 1001, 12),
(2, '2020-01-16', 1001, 15),
(1, '2020-01-16', 1001, 18),
(1, '2020-01-16', 1001, 20),
(1, '2020-01-16', 1001, 23),
(2, '2020-01-16', 1001, 26),
(1, '2020-01-16', 1001, 29),
(1, '2020-01-16', 1001, 31),
(1, '2020-01-16', 1001, 33),
(1, '2020-01-16', 1001, 36),
(1, '2020-01-16', 1001, 38),
(1, '2020-01-16', 1001, 40),
(1, '2020-01-16', 1001, 3),
(1, '2020-01-16', 1001, 5),
(1, '2020-01-16', 1001, 7),
(1, '2020-01-16', 1001, 9),
(1, '2020-01-16', 1001, 11),
(1, '2020-01-16', 1001, 14),
(1, '2020-01-16', 1001, 16),
(1, '2020-01-16', 1001, 19),
(1, '2020-01-16', 1001, 24),
(1, '2020-01-16', 1001, 22),
(2, '2020-01-16', 1001, 25),
(1, '2020-01-16', 1001, 28),
(1, '2020-01-16', 1001, 30),
(2, '2020-01-16', 1001, 32),
(1, '2020-01-16', 1001, 34),
(1, '2020-01-16', 1001, 4),
(3, '2020-01-16', 1001, 8),
(1, '2020-01-16', 1001, 13),
(1, '2020-01-16', 1001, 17),
(1, '2020-01-16', 1001, 21),
(3, '2020-01-16', 1001, 27),
(1, '2020-01-16', 1001, 35),
(1, '2020-01-16', 1001, 37),
(1, '2020-01-16', 1001, 39),
(3, '2019-11-22', 1001, 1),
(3, '2019-11-22', 1001, 2),
(2, '2019-11-22', 1001, 6),
(2, '2019-11-22', 1001, 10),
(1, '2019-11-22', 1001, 12),
(1, '2019-11-22', 1001, 15),
(2, '2019-11-22', 1001, 18),
(2, '2019-11-22', 1001, 20),
(1, '2019-11-22', 1001, 23),
(3, '2019-11-22', 1001, 26),
(1, '2019-11-22', 1001, 29),
(2, '2019-11-22', 1001, 31),
(2, '2019-11-22', 1001, 33),
(2, '2019-11-22', 1001, 36),
(1, '2019-11-22', 1001, 38),
(1, '2019-11-22', 1001, 40),
(1, '2019-11-22', 1001, 3),
(1, '2019-11-22', 1001, 5),
(2, '2019-11-22', 1001, 7),
(2, '2019-11-22', 1001, 9),
(2, '2019-11-22', 1001, 11),
(3, '2019-11-22', 1001, 14),
(3, '2019-11-22', 1001, 16),
(3, '2019-11-22', 1001, 19),
(2, '2019-11-22', 1001, 24),
(2, '2019-11-22', 1001, 22),
(3, '2019-11-22', 1001, 25),
(2, '2019-11-22', 1001, 28),
(1, '2019-11-22', 1001, 30),
(1, '2019-11-22', 1001, 32),
(2, '2019-11-22', 1001, 34),
(2, '2019-11-22', 1001, 4),
(1, '2019-11-22', 1001, 8),
(1, '2019-11-22', 1001, 13),
(2, '2019-11-22', 1001, 17),
(2, '2019-11-22', 1001, 21),
(2, '2019-11-22', 1001, 27),
(2, '2019-11-22', 1001, 35),
(2, '2019-11-22', 1001, 37),
(1, '2019-11-22', 1001, 39),
(3, '2020-01-17', 1001, 1),
(1, '2020-01-17', 1001, 2),
(1, '2020-01-17', 1001, 6),
(1, '2020-01-17', 1001, 10),
(2, '2020-01-17', 1001, 12),
(1, '2020-01-17', 1001, 15),
(1, '2020-01-17', 1001, 18),
(1, '2020-01-17', 1001, 20),
(1, '2020-01-17', 1001, 23),
(3, '2020-01-17', 1001, 26),
(1, '2020-01-17', 1001, 29),
(1, '2020-01-17', 1001, 31),
(1, '2020-01-17', 1001, 33),
(2, '2020-01-17', 1001, 36),
(1, '2020-01-17', 1001, 38),
(2, '2020-01-17', 1001, 40),
(1, '2020-01-17', 1001, 3),
(1, '2020-01-17', 1001, 5),
(1, '2020-01-17', 1001, 7),
(1, '2020-01-17', 1001, 9),
(1, '2020-01-17', 1001, 11),
(1, '2020-01-17', 1001, 14),
(1, '2020-01-17', 1001, 16),
(1, '2020-01-17', 1001, 19),
(1, '2020-01-17', 1001, 24),
(1, '2020-01-17', 1001, 22),
(1, '2020-01-17', 1001, 25),
(1, '2020-01-17', 1001, 28),
(1, '2020-01-17', 1001, 30),
(1, '2020-01-17', 1001, 32),
(2, '2020-01-17', 1001, 34),
(1, '2020-01-17', 1001, 4),
(1, '2020-01-17', 1001, 8),
(1, '2020-01-17', 1001, 13),
(1, '2020-01-17', 1001, 17),
(1, '2020-01-17', 1001, 21),
(2, '2020-01-17', 1001, 27),
(1, '2020-01-17', 1001, 35),
(1, '2020-01-17', 1001, 37),
(2, '2020-01-17', 1001, 39),
(1, '2019-11-23', 1001, 1),
(1, '2019-11-23', 1001, 2),
(1, '2019-11-23', 1001, 6),
(1, '2019-11-23', 1001, 10),
(1, '2019-11-23', 1001, 12),
(1, '2019-11-23', 1001, 15),
(1, '2019-11-23', 1001, 18),
(1, '2019-11-23', 1001, 20),
(1, '2019-11-23', 1001, 23),
(1, '2019-11-23', 1001, 26),
(1, '2019-11-23', 1001, 29),
(1, '2019-11-23', 1001, 31),
(1, '2019-11-23', 1001, 33),
(1, '2019-11-23', 1001, 36),
(1, '2019-11-23', 1001, 38),
(1, '2019-11-23', 1001, 40),
(1, '2019-11-23', 1001, 3),
(1, '2019-11-23', 1001, 5),
(1, '2019-11-23', 1001, 7),
(1, '2019-11-23', 1001, 9),
(1, '2019-11-23', 1001, 11),
(1, '2019-11-23', 1001, 14),
(1, '2019-11-23', 1001, 16),
(1, '2019-11-23', 1001, 19),
(1, '2019-11-23', 1001, 24),
(1, '2019-11-23', 1001, 22),
(1, '2019-11-23', 1001, 25),
(1, '2019-11-23', 1001, 28),
(1, '2019-11-23', 1001, 30),
(1, '2019-11-23', 1001, 32),
(1, '2019-11-23', 1001, 34),
(1, '2019-11-23', 1001, 4),
(1, '2019-11-23', 1001, 8),
(1, '2019-11-23', 1001, 13),
(1, '2019-11-23', 1001, 17),
(1, '2019-11-23', 1001, 21),
(1, '2019-11-23', 1001, 27),
(1, '2019-11-23', 1001, 35),
(1, '2019-11-23', 1001, 37),
(1, '2019-11-23', 1001, 39),
(1, '2020-01-18', 1001, 1),
(1, '2020-01-18', 1001, 2),
(1, '2020-01-18', 1001, 6),
(1, '2020-01-18', 1001, 10),
(2, '2020-01-18', 1001, 12),
(1, '2020-01-18', 1001, 15),
(1, '2020-01-18', 1001, 18),
(1, '2020-01-18', 1001, 20),
(1, '2020-01-18', 1001, 23),
(1, '2020-01-18', 1001, 26),
(1, '2020-01-18', 1001, 29),
(1, '2020-01-18', 1001, 31),
(1, '2020-01-18', 1001, 33),
(1, '2020-01-18', 1001, 36),
(1, '2020-01-18', 1001, 38),
(1, '2020-01-18', 1001, 40),
(1, '2020-01-18', 1001, 3),
(1, '2020-01-18', 1001, 5),
(1, '2020-01-18', 1001, 7),
(1, '2020-01-18', 1001, 9),
(1, '2020-01-18', 1001, 11),
(1, '2020-01-18', 1001, 14),
(1, '2020-01-18', 1001, 16),
(1, '2020-01-18', 1001, 19),
(3, '2020-01-18', 1001, 24),
(1, '2020-01-18', 1001, 22),
(1, '2020-01-18', 1001, 25),
(1, '2020-01-18', 1001, 28),
(1, '2020-01-18', 1001, 30),
(1, '2020-01-18', 1001, 32),
(1, '2020-01-18', 1001, 34),
(1, '2020-01-18', 1001, 4),
(1, '2020-01-18', 1001, 8),
(1, '2020-01-18', 1001, 13),
(1, '2020-01-18', 1001, 17),
(1, '2020-01-18', 1001, 21),
(1, '2020-01-18', 1001, 27),
(1, '2020-01-18', 1001, 35),
(1, '2020-01-18', 1001, 37),
(1, '2020-01-18', 1001, 39),
(2, '2019-12-16', 1001, 1),
(2, '2019-12-16', 1001, 2),
(2, '2019-12-16', 1001, 6),
(2, '2019-12-16', 1001, 10),
(2, '2019-12-16', 1001, 12),
(2, '2019-12-16', 1001, 15),
(2, '2019-12-16', 1001, 18),
(2, '2019-12-16', 1001, 20),
(2, '2019-12-16', 1001, 23),
(2, '2019-12-16', 1001, 26),
(2, '2019-12-16', 1001, 29),
(2, '2019-12-16', 1001, 31),
(2, '2019-12-16', 1001, 33),
(2, '2019-12-16', 1001, 36),
(2, '2019-12-16', 1001, 38),
(2, '2019-12-16', 1001, 40),
(2, '2019-12-16', 1001, 3),
(2, '2019-12-16', 1001, 5),
(2, '2019-12-16', 1001, 7),
(2, '2019-12-16', 1001, 9),
(2, '2019-12-16', 1001, 11),
(2, '2019-12-16', 1001, 14),
(2, '2019-12-16', 1001, 16),
(2, '2019-12-16', 1001, 19),
(2, '2019-12-16', 1001, 24),
(2, '2019-12-16', 1001, 22),
(2, '2019-12-16', 1001, 25),
(2, '2019-12-16', 1001, 28),
(2, '2019-12-16', 1001, 30),
(2, '2019-12-16', 1001, 32),
(2, '2019-12-16', 1001, 34),
(2, '2019-12-16', 1001, 4),
(2, '2019-12-16', 1001, 8),
(2, '2019-12-16', 1001, 13),
(2, '2019-12-16', 1001, 17),
(2, '2019-12-16', 1001, 21),
(2, '2019-12-16', 1001, 27),
(2, '2019-12-16', 1001, 35),
(2, '2019-12-16', 1001, 37),
(2, '2019-12-16', 1001, 39),
(1, '2020-01-20', 1001, 1),
(1, '2020-01-20', 1001, 2),
(2, '2020-01-20', 1001, 6),
(1, '2020-01-20', 1001, 10),
(1, '2020-01-20', 1001, 12),
(1, '2020-01-20', 1001, 15),
(2, '2020-01-20', 1001, 18),
(1, '2020-01-20', 1001, 20),
(2, '2020-01-20', 1001, 23),
(1, '2020-01-20', 1001, 26),
(1, '2020-01-20', 1001, 29),
(1, '2020-01-20', 1001, 31),
(1, '2020-01-20', 1001, 33),
(1, '2020-01-20', 1001, 36),
(1, '2020-01-20', 1001, 38),
(1, '2020-01-20', 1001, 40),
(1, '2020-01-20', 1001, 3),
(1, '2020-01-20', 1001, 5),
(1, '2020-01-20', 1001, 7),
(1, '2020-01-20', 1001, 9),
(1, '2020-01-20', 1001, 11),
(2, '2020-01-20', 1001, 14),
(1, '2020-01-20', 1001, 16),
(1, '2020-01-20', 1001, 19),
(2, '2020-01-20', 1001, 24),
(1, '2020-01-20', 1001, 22),
(1, '2020-01-20', 1001, 25),
(1, '2020-01-20', 1001, 28),
(1, '2020-01-20', 1001, 30),
(1, '2020-01-20', 1001, 32),
(1, '2020-01-20', 1001, 34),
(1, '2020-01-20', 1001, 4),
(1, '2020-01-20', 1001, 8),
(1, '2020-01-20', 1001, 13),
(1, '2020-01-20', 1001, 17),
(1, '2020-01-20', 1001, 21),
(1, '2020-01-20', 1001, 27),
(1, '2020-01-20', 1001, 35),
(2, '2020-01-20', 1001, 37),
(1, '2020-01-20', 1001, 39),
(1, '2019-11-25', 1001, 1),
(2, '2019-11-25', 1001, 2),
(2, '2019-11-25', 1001, 6),
(1, '2019-11-25', 1001, 10),
(1, '2019-11-25', 1001, 12),
(1, '2019-11-25', 1001, 15),
(2, '2019-11-25', 1001, 18),
(2, '2019-11-25', 1001, 20),
(2, '2019-11-25', 1001, 23),
(1, '2019-11-25', 1001, 26),
(2, '2019-11-25', 1001, 29),
(2, '2019-11-25', 1001, 31),
(2, '2019-11-25', 1001, 33),
(2, '2019-11-25', 1001, 36),
(1, '2019-11-25', 1001, 38),
(2, '2019-11-25', 1001, 40),
(2, '2019-11-25', 1001, 3),
(2, '2019-11-25', 1001, 5),
(1, '2019-11-25', 1001, 7),
(2, '2019-11-25', 1001, 9),
(2, '2019-11-25', 1001, 11),
(1, '2019-11-25', 1001, 14),
(1, '2019-11-25', 1001, 16),
(2, '2019-11-25', 1001, 19);
INSERT INTO `attendence_record` (`AT_id`, `AT_date`, `Class_id`, `S_id`) VALUES
(2, '2019-11-25', 1001, 24),
(1, '2019-11-25', 1001, 22),
(1, '2019-11-25', 1001, 25),
(1, '2019-11-25', 1001, 28),
(2, '2019-11-25', 1001, 30),
(2, '2019-11-25', 1001, 32),
(2, '2019-11-25', 1001, 34),
(2, '2019-11-25', 1001, 4),
(2, '2019-11-25', 1001, 8),
(1, '2019-11-25', 1001, 13),
(2, '2019-11-25', 1001, 17),
(2, '2019-11-25', 1001, 21),
(2, '2019-11-25', 1001, 27),
(2, '2019-11-25', 1001, 35),
(1, '2019-11-25', 1001, 37),
(1, '2019-11-25', 1001, 39),
(1, '2019-12-17', 1001, 1),
(1, '2019-12-17', 1001, 2),
(1, '2019-12-17', 1001, 6),
(1, '2019-12-17', 1001, 10),
(1, '2019-12-17', 1001, 12),
(1, '2019-12-17', 1001, 15),
(1, '2019-12-17', 1001, 18),
(1, '2019-12-17', 1001, 20),
(1, '2019-12-17', 1001, 23),
(1, '2019-12-17', 1001, 26),
(1, '2019-12-17', 1001, 29),
(1, '2019-12-17', 1001, 31),
(1, '2019-12-17', 1001, 33),
(1, '2019-12-17', 1001, 36),
(1, '2019-12-17', 1001, 38),
(1, '2019-12-17', 1001, 40),
(1, '2019-12-17', 1001, 3),
(1, '2019-12-17', 1001, 5),
(1, '2019-12-17', 1001, 7),
(1, '2019-12-17', 1001, 9),
(1, '2019-12-17', 1001, 11),
(1, '2019-12-17', 1001, 14),
(1, '2019-12-17', 1001, 16),
(1, '2019-12-17', 1001, 19),
(1, '2019-12-17', 1001, 24),
(1, '2019-12-17', 1001, 22),
(1, '2019-12-17', 1001, 25),
(1, '2019-12-17', 1001, 28),
(1, '2019-12-17', 1001, 30),
(1, '2019-12-17', 1001, 32),
(1, '2019-12-17', 1001, 34),
(1, '2019-12-17', 1001, 4),
(1, '2019-12-17', 1001, 8),
(1, '2019-12-17', 1001, 13),
(1, '2019-12-17', 1001, 17),
(1, '2019-12-17', 1001, 21),
(1, '2019-12-17', 1001, 27),
(1, '2019-12-17', 1001, 35),
(1, '2019-12-17', 1001, 37),
(1, '2019-12-17', 1001, 39),
(1, '2019-11-26', 1001, 1),
(1, '2019-11-26', 1001, 2),
(1, '2019-11-26', 1001, 6),
(1, '2019-11-26', 1001, 10),
(1, '2019-11-26', 1001, 12),
(1, '2019-11-26', 1001, 15),
(1, '2019-11-26', 1001, 18),
(1, '2019-11-26', 1001, 20),
(1, '2019-11-26', 1001, 23),
(1, '2019-11-26', 1001, 26),
(1, '2019-11-26', 1001, 29),
(1, '2019-11-26', 1001, 31),
(1, '2019-11-26', 1001, 33),
(1, '2019-11-26', 1001, 36),
(1, '2019-11-26', 1001, 38),
(1, '2019-11-26', 1001, 40),
(1, '2019-11-26', 1001, 3),
(1, '2019-11-26', 1001, 5),
(1, '2019-11-26', 1001, 7),
(1, '2019-11-26', 1001, 9),
(1, '2019-11-26', 1001, 11),
(1, '2019-11-26', 1001, 14),
(1, '2019-11-26', 1001, 16),
(1, '2019-11-26', 1001, 19),
(1, '2019-11-26', 1001, 24),
(1, '2019-11-26', 1001, 22),
(1, '2019-11-26', 1001, 25),
(1, '2019-11-26', 1001, 28),
(1, '2019-11-26', 1001, 30),
(1, '2019-11-26', 1001, 32),
(1, '2019-11-26', 1001, 34),
(1, '2019-11-26', 1001, 4),
(1, '2019-11-26', 1001, 8),
(1, '2019-11-26', 1001, 13),
(1, '2019-11-26', 1001, 17),
(1, '2019-11-26', 1001, 21),
(1, '2019-11-26', 1001, 27),
(1, '2019-11-26', 1001, 35),
(1, '2019-11-26', 1001, 37),
(1, '2019-11-26', 1001, 39),
(1, '2019-12-18', 1001, 1),
(1, '2019-12-18', 1001, 2),
(1, '2019-12-18', 1001, 6),
(1, '2019-12-18', 1001, 10),
(1, '2019-12-18', 1001, 12),
(1, '2019-12-18', 1001, 15),
(1, '2019-12-18', 1001, 18),
(1, '2019-12-18', 1001, 20),
(1, '2019-12-18', 1001, 23),
(1, '2019-12-18', 1001, 26),
(1, '2019-12-18', 1001, 29),
(1, '2019-12-18', 1001, 31),
(1, '2019-12-18', 1001, 33),
(1, '2019-12-18', 1001, 36),
(1, '2019-12-18', 1001, 38),
(1, '2019-12-18', 1001, 40),
(1, '2019-12-18', 1001, 3),
(1, '2019-12-18', 1001, 5),
(1, '2019-12-18', 1001, 7),
(1, '2019-12-18', 1001, 9),
(1, '2019-12-18', 1001, 11),
(1, '2019-12-18', 1001, 14),
(1, '2019-12-18', 1001, 16),
(1, '2019-12-18', 1001, 19),
(1, '2019-12-18', 1001, 24),
(1, '2019-12-18', 1001, 22),
(1, '2019-12-18', 1001, 25),
(1, '2019-12-18', 1001, 28),
(1, '2019-12-18', 1001, 30),
(1, '2019-12-18', 1001, 32),
(1, '2019-12-18', 1001, 34),
(1, '2019-12-18', 1001, 4),
(1, '2019-12-18', 1001, 8),
(1, '2019-12-18', 1001, 13),
(1, '2019-12-18', 1001, 17),
(1, '2019-12-18', 1001, 21),
(1, '2019-12-18', 1001, 27),
(1, '2019-12-18', 1001, 35),
(1, '2019-12-18', 1001, 37),
(1, '2019-12-18', 1001, 39),
(1, '2020-01-21', 1001, 1),
(1, '2020-01-21', 1001, 2),
(1, '2020-01-21', 1001, 6),
(1, '2020-01-21', 1001, 10),
(1, '2020-01-21', 1001, 12),
(1, '2020-01-21', 1001, 15),
(1, '2020-01-21', 1001, 18),
(2, '2020-01-21', 1001, 20),
(1, '2020-01-21', 1001, 23),
(1, '2020-01-21', 1001, 26),
(1, '2020-01-21', 1001, 29),
(2, '2020-01-21', 1001, 31),
(1, '2020-01-21', 1001, 33),
(1, '2020-01-21', 1001, 36),
(3, '2020-01-21', 1001, 38),
(1, '2020-01-21', 1001, 40),
(1, '2020-01-21', 1001, 3),
(1, '2020-01-21', 1001, 5),
(1, '2020-01-21', 1001, 7),
(1, '2020-01-21', 1001, 9),
(1, '2020-01-21', 1001, 11),
(1, '2020-01-21', 1001, 14),
(1, '2020-01-21', 1001, 16),
(1, '2020-01-21', 1001, 19),
(1, '2020-01-21', 1001, 24),
(1, '2020-01-21', 1001, 22),
(2, '2020-01-21', 1001, 25),
(2, '2020-01-21', 1001, 28),
(1, '2020-01-21', 1001, 30),
(1, '2020-01-21', 1001, 32),
(1, '2020-01-21', 1001, 34),
(1, '2020-01-21', 1001, 4),
(1, '2020-01-21', 1001, 8),
(1, '2020-01-21', 1001, 13),
(1, '2020-01-21', 1001, 17),
(1, '2020-01-21', 1001, 21),
(1, '2020-01-21', 1001, 27),
(1, '2020-01-21', 1001, 35),
(1, '2020-01-21', 1001, 37),
(1, '2020-01-21', 1001, 39),
(1, '2020-01-22', 1001, 1),
(1, '2020-01-22', 1001, 2),
(1, '2020-01-22', 1001, 6),
(1, '2020-01-22', 1001, 10),
(1, '2020-01-22', 1001, 12),
(2, '2020-01-22', 1001, 15),
(1, '2020-01-22', 1001, 18),
(1, '2020-01-22', 1001, 20),
(1, '2020-01-22', 1001, 23),
(1, '2020-01-22', 1001, 26),
(2, '2020-01-22', 1001, 29),
(1, '2020-01-22', 1001, 31),
(1, '2020-01-22', 1001, 33),
(1, '2020-01-22', 1001, 36),
(1, '2020-01-22', 1001, 38),
(1, '2020-01-22', 1001, 40),
(1, '2020-01-22', 1001, 3),
(1, '2020-01-22', 1001, 5),
(2, '2020-01-22', 1001, 7),
(1, '2020-01-22', 1001, 9),
(1, '2020-01-22', 1001, 11),
(1, '2020-01-22', 1001, 14),
(1, '2020-01-22', 1001, 16),
(1, '2020-01-22', 1001, 19),
(1, '2020-01-22', 1001, 24),
(1, '2020-01-22', 1001, 22),
(1, '2020-01-22', 1001, 25),
(1, '2020-01-22', 1001, 28),
(1, '2020-01-22', 1001, 30),
(1, '2020-01-22', 1001, 32),
(1, '2020-01-22', 1001, 34),
(1, '2020-01-22', 1001, 4),
(1, '2020-01-22', 1001, 8),
(1, '2020-01-22', 1001, 13),
(1, '2020-01-22', 1001, 17),
(1, '2020-01-22', 1001, 21),
(2, '2020-01-22', 1001, 27),
(1, '2020-01-22', 1001, 35),
(1, '2020-01-22', 1001, 37),
(1, '2020-01-22', 1001, 39),
(2, '2019-11-27', 1001, 1),
(2, '2019-11-27', 1001, 2),
(2, '2019-11-27', 1001, 6),
(2, '2019-11-27', 1001, 10),
(2, '2019-11-27', 1001, 12),
(1, '2019-11-27', 1001, 15),
(2, '2019-11-27', 1001, 18),
(2, '2019-11-27', 1001, 20),
(2, '2019-11-27', 1001, 23),
(2, '2019-11-27', 1001, 26),
(2, '2019-11-27', 1001, 29),
(1, '2019-11-27', 1001, 31),
(1, '2019-11-27', 1001, 33),
(2, '2019-11-27', 1001, 36),
(2, '2019-11-27', 1001, 38),
(2, '2019-11-27', 1001, 40),
(2, '2019-11-27', 1001, 3),
(1, '2019-11-27', 1001, 5),
(1, '2019-11-27', 1001, 7),
(2, '2019-11-27', 1001, 9),
(2, '2019-11-27', 1001, 11),
(2, '2019-11-27', 1001, 14),
(2, '2019-11-27', 1001, 16),
(2, '2019-11-27', 1001, 19),
(1, '2019-11-27', 1001, 24),
(1, '2019-11-27', 1001, 22),
(2, '2019-11-27', 1001, 25),
(1, '2019-11-27', 1001, 28),
(2, '2019-11-27', 1001, 30),
(2, '2019-11-27', 1001, 32),
(2, '2019-11-27', 1001, 34),
(1, '2019-11-27', 1001, 4),
(1, '2019-11-27', 1001, 8),
(2, '2019-11-27', 1001, 13),
(2, '2019-11-27', 1001, 17),
(2, '2019-11-27', 1001, 21),
(2, '2019-11-27', 1001, 27),
(1, '2019-11-27', 1001, 35),
(1, '2019-11-27', 1001, 37),
(1, '2019-11-27', 1001, 39),
(1, '2019-11-28', 1001, 1),
(1, '2019-11-28', 1001, 2),
(1, '2019-11-28', 1001, 6),
(1, '2019-11-28', 1001, 10),
(1, '2019-11-28', 1001, 12),
(1, '2019-11-28', 1001, 15),
(1, '2019-11-28', 1001, 18),
(1, '2019-11-28', 1001, 20),
(1, '2019-11-28', 1001, 23),
(1, '2019-11-28', 1001, 26),
(1, '2019-11-28', 1001, 29),
(1, '2019-11-28', 1001, 31),
(1, '2019-11-28', 1001, 33),
(1, '2019-11-28', 1001, 36),
(1, '2019-11-28', 1001, 38),
(1, '2019-11-28', 1001, 40),
(1, '2019-11-28', 1001, 3),
(1, '2019-11-28', 1001, 5),
(1, '2019-11-28', 1001, 7),
(1, '2019-11-28', 1001, 9),
(1, '2019-11-28', 1001, 11),
(1, '2019-11-28', 1001, 14),
(1, '2019-11-28', 1001, 16),
(1, '2019-11-28', 1001, 19),
(1, '2019-11-28', 1001, 24),
(1, '2019-11-28', 1001, 22),
(1, '2019-11-28', 1001, 25),
(1, '2019-11-28', 1001, 28),
(1, '2019-11-28', 1001, 30),
(1, '2019-11-28', 1001, 32),
(1, '2019-11-28', 1001, 34),
(1, '2019-11-28', 1001, 4),
(1, '2019-11-28', 1001, 8),
(1, '2019-11-28', 1001, 13),
(1, '2019-11-28', 1001, 17),
(1, '2019-11-28', 1001, 21),
(1, '2019-11-28', 1001, 27),
(1, '2019-11-28', 1001, 35),
(1, '2019-11-28', 1001, 37),
(1, '2019-11-28', 1001, 39),
(1, '2019-12-21', 1001, 1),
(1, '2019-12-21', 1001, 2),
(1, '2019-12-21', 1001, 6),
(1, '2019-12-21', 1001, 10),
(3, '2019-12-21', 1001, 12),
(1, '2019-12-21', 1001, 15),
(1, '2019-12-21', 1001, 18),
(1, '2019-12-21', 1001, 20),
(1, '2019-12-21', 1001, 23),
(1, '2019-12-21', 1001, 26),
(1, '2019-12-21', 1001, 29),
(1, '2019-12-21', 1001, 31),
(1, '2019-12-21', 1001, 33),
(1, '2019-12-21', 1001, 36),
(1, '2019-12-21', 1001, 38),
(1, '2019-12-21', 1001, 40),
(1, '2019-12-21', 1001, 3),
(1, '2019-12-21', 1001, 5),
(1, '2019-12-21', 1001, 7),
(1, '2019-12-21', 1001, 9),
(1, '2019-12-21', 1001, 11),
(1, '2019-12-21', 1001, 14),
(1, '2019-12-21', 1001, 16),
(1, '2019-12-21', 1001, 19),
(1, '2019-12-21', 1001, 24),
(1, '2019-12-21', 1001, 22),
(1, '2019-12-21', 1001, 25),
(1, '2019-12-21', 1001, 28),
(2, '2019-12-21', 1001, 30),
(1, '2019-12-21', 1001, 32),
(1, '2019-12-21', 1001, 34),
(1, '2019-12-21', 1001, 4),
(1, '2019-12-21', 1001, 8),
(2, '2019-12-21', 1001, 13),
(1, '2019-12-21', 1001, 17),
(1, '2019-12-21', 1001, 21),
(1, '2019-12-21', 1001, 27),
(1, '2019-12-21', 1001, 35),
(2, '2019-12-21', 1001, 37),
(1, '2019-12-21', 1001, 39),
(2, '2020-01-23', 1001, 1),
(1, '2020-01-23', 1001, 2),
(2, '2020-01-23', 1001, 6),
(1, '2020-01-23', 1001, 10),
(2, '2020-01-23', 1001, 12),
(1, '2020-01-23', 1001, 15),
(1, '2020-01-23', 1001, 18),
(1, '2020-01-23', 1001, 20),
(2, '2020-01-23', 1001, 23),
(1, '2020-01-23', 1001, 26),
(1, '2020-01-23', 1001, 29),
(2, '2020-01-23', 1001, 31),
(1, '2020-01-23', 1001, 33),
(1, '2020-01-23', 1001, 36),
(3, '2020-01-23', 1001, 38),
(1, '2020-01-23', 1001, 40),
(1, '2020-01-23', 1001, 3),
(1, '2020-01-23', 1001, 5),
(1, '2020-01-23', 1001, 7),
(1, '2020-01-23', 1001, 9),
(1, '2020-01-23', 1001, 11),
(1, '2020-01-23', 1001, 14),
(1, '2020-01-23', 1001, 16),
(1, '2020-01-23', 1001, 19),
(1, '2020-01-23', 1001, 24),
(3, '2020-01-23', 1001, 22),
(1, '2020-01-23', 1001, 25),
(1, '2020-01-23', 1001, 28),
(1, '2020-01-23', 1001, 30),
(1, '2020-01-23', 1001, 32),
(1, '2020-01-23', 1001, 34),
(2, '2020-01-23', 1001, 4),
(1, '2020-01-23', 1001, 8),
(2, '2020-01-23', 1001, 13),
(1, '2020-01-23', 1001, 17),
(1, '2020-01-23', 1001, 21),
(1, '2020-01-23', 1001, 27),
(1, '2020-01-23', 1001, 35),
(1, '2020-01-23', 1001, 37),
(3, '2020-01-23', 1001, 39),
(1, '2019-11-29', 1001, 1),
(2, '2019-11-29', 1001, 2),
(2, '2019-11-29', 1001, 6),
(1, '2019-11-29', 1001, 10),
(2, '2019-11-29', 1001, 12),
(2, '2019-11-29', 1001, 15),
(1, '2019-11-29', 1001, 18),
(1, '2019-11-29', 1001, 20),
(2, '2019-11-29', 1001, 23),
(2, '2019-11-29', 1001, 26),
(1, '2019-11-29', 1001, 29),
(2, '2019-11-29', 1001, 31),
(2, '2019-11-29', 1001, 33),
(2, '2019-11-29', 1001, 36),
(1, '2019-11-29', 1001, 38),
(1, '2019-11-29', 1001, 40),
(1, '2019-11-29', 1001, 3),
(2, '2019-11-29', 1001, 5),
(2, '2019-11-29', 1001, 7),
(2, '2019-11-29', 1001, 9),
(2, '2019-11-29', 1001, 11),
(1, '2019-11-29', 1001, 14),
(1, '2019-11-29', 1001, 16),
(1, '2019-11-29', 1001, 19),
(1, '2019-11-29', 1001, 24),
(1, '2019-11-29', 1001, 22),
(2, '2019-11-29', 1001, 25),
(2, '2019-11-29', 1001, 28),
(2, '2019-11-29', 1001, 30),
(2, '2019-11-29', 1001, 32),
(2, '2019-11-29', 1001, 34),
(1, '2019-11-29', 1001, 4),
(1, '2019-11-29', 1001, 8),
(1, '2019-11-29', 1001, 13),
(1, '2019-11-29', 1001, 17),
(1, '2019-11-29', 1001, 21),
(2, '2019-11-29', 1001, 27),
(2, '2019-11-29', 1001, 35),
(2, '2019-11-29', 1001, 37),
(2, '2019-11-29', 1001, 39),
(1, '2019-12-22', 1001, 1),
(1, '2019-12-22', 1001, 2),
(1, '2019-12-22', 1001, 6),
(2, '2019-12-22', 1001, 10),
(1, '2019-12-22', 1001, 12),
(2, '2019-12-22', 1001, 15),
(1, '2019-12-22', 1001, 18),
(1, '2019-12-22', 1001, 20),
(1, '2019-12-22', 1001, 23),
(1, '2019-12-22', 1001, 26),
(1, '2019-12-22', 1001, 29),
(1, '2019-12-22', 1001, 31),
(1, '2019-12-22', 1001, 33),
(1, '2019-12-22', 1001, 36),
(1, '2019-12-22', 1001, 38),
(1, '2019-12-22', 1001, 40),
(1, '2019-12-22', 1001, 3),
(1, '2019-12-22', 1001, 5),
(1, '2019-12-22', 1001, 7),
(1, '2019-12-22', 1001, 9),
(1, '2019-12-22', 1001, 11),
(1, '2019-12-22', 1001, 14),
(1, '2019-12-22', 1001, 16),
(1, '2019-12-22', 1001, 19),
(1, '2019-12-22', 1001, 24),
(1, '2019-12-22', 1001, 22),
(1, '2019-12-22', 1001, 25),
(2, '2019-12-22', 1001, 28),
(1, '2019-12-22', 1001, 30),
(1, '2019-12-22', 1001, 32),
(1, '2019-12-22', 1001, 34),
(1, '2019-12-22', 1001, 4),
(2, '2019-12-22', 1001, 8),
(1, '2019-12-22', 1001, 13),
(1, '2019-12-22', 1001, 17),
(1, '2019-12-22', 1001, 21),
(3, '2019-12-22', 1001, 27),
(1, '2019-12-22', 1001, 35),
(1, '2019-12-22', 1001, 37),
(1, '2019-12-22', 1001, 39),
(2, '2020-01-24', 1001, 1),
(3, '2020-01-24', 1001, 2),
(1, '2020-01-24', 1001, 6),
(1, '2020-01-24', 1001, 10),
(1, '2020-01-24', 1001, 12),
(1, '2020-01-24', 1001, 15),
(1, '2020-01-24', 1001, 18),
(1, '2020-01-24', 1001, 20),
(1, '2020-01-24', 1001, 23),
(1, '2020-01-24', 1001, 26),
(1, '2020-01-24', 1001, 29),
(2, '2020-01-24', 1001, 31),
(1, '2020-01-24', 1001, 33),
(1, '2020-01-24', 1001, 36),
(1, '2020-01-24', 1001, 38),
(1, '2020-01-24', 1001, 40),
(1, '2020-01-24', 1001, 3),
(1, '2020-01-24', 1001, 5),
(1, '2020-01-24', 1001, 7),
(1, '2020-01-24', 1001, 9),
(1, '2020-01-24', 1001, 11),
(1, '2020-01-24', 1001, 14),
(1, '2020-01-24', 1001, 16),
(1, '2020-01-24', 1001, 19),
(1, '2020-01-24', 1001, 24),
(1, '2020-01-24', 1001, 22),
(1, '2020-01-24', 1001, 25),
(1, '2020-01-24', 1001, 28),
(1, '2020-01-24', 1001, 30),
(1, '2020-01-24', 1001, 32),
(1, '2020-01-24', 1001, 34),
(1, '2020-01-24', 1001, 4),
(1, '2020-01-24', 1001, 8),
(1, '2020-01-24', 1001, 13),
(1, '2020-01-24', 1001, 17),
(1, '2020-01-24', 1001, 21),
(1, '2020-01-24', 1001, 27),
(2, '2020-01-24', 1001, 35),
(1, '2020-01-24', 1001, 37),
(1, '2020-01-24', 1001, 39),
(1, '2019-11-30', 1001, 1),
(1, '2019-11-30', 1001, 2),
(1, '2019-11-30', 1001, 6),
(1, '2019-11-30', 1001, 10),
(1, '2019-11-30', 1001, 12),
(1, '2019-11-30', 1001, 15),
(1, '2019-11-30', 1001, 18),
(1, '2019-11-30', 1001, 20),
(1, '2019-11-30', 1001, 23),
(1, '2019-11-30', 1001, 26),
(1, '2019-11-30', 1001, 29),
(1, '2019-11-30', 1001, 31),
(1, '2019-11-30', 1001, 33),
(1, '2019-11-30', 1001, 36),
(1, '2019-11-30', 1001, 38),
(1, '2019-11-30', 1001, 40),
(1, '2019-11-30', 1001, 3),
(1, '2019-11-30', 1001, 5),
(1, '2019-11-30', 1001, 7),
(1, '2019-11-30', 1001, 9),
(1, '2019-11-30', 1001, 11),
(1, '2019-11-30', 1001, 14),
(1, '2019-11-30', 1001, 16),
(1, '2019-11-30', 1001, 19),
(1, '2019-11-30', 1001, 24),
(1, '2019-11-30', 1001, 22),
(1, '2019-11-30', 1001, 25),
(1, '2019-11-30', 1001, 28),
(1, '2019-11-30', 1001, 30),
(1, '2019-11-30', 1001, 32),
(1, '2019-11-30', 1001, 34),
(1, '2019-11-30', 1001, 4),
(1, '2019-11-30', 1001, 8),
(1, '2019-11-30', 1001, 13),
(1, '2019-11-30', 1001, 17),
(1, '2019-11-30', 1001, 21),
(1, '2019-11-30', 1001, 27),
(1, '2019-11-30', 1001, 35),
(1, '2019-11-30', 1001, 37),
(1, '2019-11-30', 1001, 39),
(1, '2019-12-23', 1001, 1),
(1, '2019-12-23', 1001, 2),
(1, '2019-12-23', 1001, 6),
(1, '2019-12-23', 1001, 10),
(1, '2019-12-23', 1001, 12),
(1, '2019-12-23', 1001, 15),
(1, '2019-12-23', 1001, 18),
(1, '2019-12-23', 1001, 20),
(1, '2019-12-23', 1001, 23),
(1, '2019-12-23', 1001, 26),
(1, '2019-12-23', 1001, 29),
(1, '2019-12-23', 1001, 31),
(1, '2019-12-23', 1001, 33),
(1, '2019-12-23', 1001, 36),
(1, '2019-12-23', 1001, 38),
(1, '2019-12-23', 1001, 40),
(1, '2019-12-23', 1001, 3),
(1, '2019-12-23', 1001, 5),
(1, '2019-12-23', 1001, 7),
(1, '2019-12-23', 1001, 9),
(1, '2019-12-23', 1001, 11),
(1, '2019-12-23', 1001, 14),
(1, '2019-12-23', 1001, 16),
(1, '2019-12-23', 1001, 19),
(1, '2019-12-23', 1001, 24),
(1, '2019-12-23', 1001, 22),
(1, '2019-12-23', 1001, 25),
(1, '2019-12-23', 1001, 28),
(1, '2019-12-23', 1001, 30),
(1, '2019-12-23', 1001, 32),
(1, '2019-12-23', 1001, 34),
(1, '2019-12-23', 1001, 4),
(1, '2019-12-23', 1001, 8),
(1, '2019-12-23', 1001, 13),
(1, '2019-12-23', 1001, 17),
(1, '2019-12-23', 1001, 21),
(1, '2019-12-23', 1001, 27),
(1, '2019-12-23', 1001, 35),
(1, '2019-12-23', 1001, 37),
(1, '2019-12-23', 1001, 39),
(1, '2020-01-25', 1001, 1),
(3, '2020-01-25', 1001, 2),
(1, '2020-01-25', 1001, 6),
(1, '2020-01-25', 1001, 10),
(1, '2020-01-25', 1001, 12),
(1, '2020-01-25', 1001, 15),
(1, '2020-01-25', 1001, 18),
(1, '2020-01-25', 1001, 20),
(1, '2020-01-25', 1001, 23),
(2, '2020-01-25', 1001, 26),
(1, '2020-01-25', 1001, 29),
(1, '2020-01-25', 1001, 31),
(1, '2020-01-25', 1001, 33),
(1, '2020-01-25', 1001, 36),
(1, '2020-01-25', 1001, 38),
(1, '2020-01-25', 1001, 40),
(1, '2020-01-25', 1001, 3),
(1, '2020-01-25', 1001, 5),
(1, '2020-01-25', 1001, 7),
(1, '2020-01-25', 1001, 9),
(1, '2020-01-25', 1001, 11),
(1, '2020-01-25', 1001, 14),
(1, '2020-01-25', 1001, 16),
(1, '2020-01-25', 1001, 19),
(1, '2020-01-25', 1001, 24),
(1, '2020-01-25', 1001, 22),
(1, '2020-01-25', 1001, 25),
(1, '2020-01-25', 1001, 28),
(1, '2020-01-25', 1001, 30),
(2, '2020-01-25', 1001, 32),
(1, '2020-01-25', 1001, 34),
(2, '2020-01-25', 1001, 4),
(1, '2020-01-25', 1001, 8),
(1, '2020-01-25', 1001, 13),
(2, '2020-01-25', 1001, 17),
(3, '2020-01-25', 1001, 21),
(1, '2020-01-25', 1001, 27),
(1, '2020-01-25', 1001, 35),
(1, '2020-01-25', 1001, 37),
(1, '2020-01-25', 1001, 39),
(1, '2019-12-24', 1001, 1),
(1, '2019-12-24', 1001, 2),
(3, '2019-12-24', 1001, 6),
(1, '2019-12-24', 1001, 10),
(1, '2019-12-24', 1001, 12),
(3, '2019-12-24', 1001, 15),
(1, '2019-12-24', 1001, 18),
(1, '2019-12-24', 1001, 20),
(1, '2019-12-24', 1001, 23),
(1, '2019-12-24', 1001, 26),
(1, '2019-12-24', 1001, 29),
(1, '2019-12-24', 1001, 31),
(1, '2019-12-24', 1001, 33),
(1, '2019-12-24', 1001, 36),
(1, '2019-12-24', 1001, 38),
(1, '2019-12-24', 1001, 40),
(1, '2019-12-24', 1001, 3),
(1, '2019-12-24', 1001, 5),
(1, '2019-12-24', 1001, 7),
(1, '2019-12-24', 1001, 9),
(1, '2019-12-24', 1001, 11),
(1, '2019-12-24', 1001, 14),
(1, '2019-12-24', 1001, 16),
(1, '2019-12-24', 1001, 19),
(2, '2019-12-24', 1001, 24),
(1, '2019-12-24', 1001, 22),
(1, '2019-12-24', 1001, 25),
(3, '2019-12-24', 1001, 28),
(1, '2019-12-24', 1001, 30),
(1, '2019-12-24', 1001, 32),
(2, '2019-12-24', 1001, 34),
(1, '2019-12-24', 1001, 4),
(1, '2019-12-24', 1001, 8),
(2, '2019-12-24', 1001, 13),
(1, '2019-12-24', 1001, 17),
(1, '2019-12-24', 1001, 21),
(1, '2019-12-24', 1001, 27),
(1, '2019-12-24', 1001, 35),
(1, '2019-12-24', 1001, 37),
(2, '2019-12-24', 1001, 39),
(1, '2020-01-27', 1001, 1),
(2, '2020-01-27', 1001, 2),
(3, '2020-01-27', 1001, 6),
(1, '2020-01-27', 1001, 10),
(1, '2020-01-27', 1001, 12),
(1, '2020-01-27', 1001, 15),
(1, '2020-01-27', 1001, 18),
(1, '2020-01-27', 1001, 20),
(1, '2020-01-27', 1001, 23),
(2, '2020-01-27', 1001, 26),
(1, '2020-01-27', 1001, 29),
(2, '2020-01-27', 1001, 31),
(1, '2020-01-27', 1001, 33),
(1, '2020-01-27', 1001, 36),
(1, '2020-01-27', 1001, 38),
(1, '2020-01-27', 1001, 40),
(1, '2020-01-27', 1001, 3),
(1, '2020-01-27', 1001, 5),
(1, '2020-01-27', 1001, 7),
(1, '2020-01-27', 1001, 9),
(1, '2020-01-27', 1001, 11),
(1, '2020-01-27', 1001, 14),
(1, '2020-01-27', 1001, 16),
(1, '2020-01-27', 1001, 19),
(1, '2020-01-27', 1001, 24),
(1, '2020-01-27', 1001, 22),
(1, '2020-01-27', 1001, 25),
(1, '2020-01-27', 1001, 28),
(1, '2020-01-27', 1001, 30),
(1, '2020-01-27', 1001, 32),
(1, '2020-01-27', 1001, 34),
(1, '2020-01-27', 1001, 4),
(1, '2020-01-27', 1001, 8),
(1, '2020-01-27', 1001, 13),
(1, '2020-01-27', 1001, 17),
(1, '2020-01-27', 1001, 21),
(1, '2020-01-27', 1001, 27),
(1, '2020-01-27', 1001, 35),
(1, '2020-01-27', 1001, 37),
(2, '2020-01-27', 1001, 39),
(1, '2019-12-25', 1001, 1),
(1, '2019-12-25', 1001, 2),
(1, '2019-12-25', 1001, 6),
(1, '2019-12-25', 1001, 10),
(1, '2019-12-25', 1001, 12),
(1, '2019-12-25', 1001, 15),
(1, '2019-12-25', 1001, 18),
(1, '2019-12-25', 1001, 20),
(1, '2019-12-25', 1001, 23),
(1, '2019-12-25', 1001, 26),
(1, '2019-12-25', 1001, 29),
(1, '2019-12-25', 1001, 31),
(1, '2019-12-25', 1001, 33),
(1, '2019-12-25', 1001, 36),
(1, '2019-12-25', 1001, 38),
(1, '2019-12-25', 1001, 40),
(1, '2019-12-25', 1001, 3),
(1, '2019-12-25', 1001, 5),
(1, '2019-12-25', 1001, 7),
(1, '2019-12-25', 1001, 9),
(1, '2019-12-25', 1001, 11),
(1, '2019-12-25', 1001, 14),
(1, '2019-12-25', 1001, 16),
(1, '2019-12-25', 1001, 19),
(1, '2019-12-25', 1001, 24),
(1, '2019-12-25', 1001, 22),
(1, '2019-12-25', 1001, 25),
(1, '2019-12-25', 1001, 28),
(1, '2019-12-25', 1001, 30),
(1, '2019-12-25', 1001, 32),
(1, '2019-12-25', 1001, 34),
(1, '2019-12-25', 1001, 4),
(1, '2019-12-25', 1001, 8),
(1, '2019-12-25', 1001, 13),
(1, '2019-12-25', 1001, 17),
(1, '2019-12-25', 1001, 21),
(1, '2019-12-25', 1001, 27),
(1, '2019-12-25', 1001, 35),
(1, '2019-12-25', 1001, 37),
(1, '2019-12-25', 1001, 39),
(2, '2020-01-28', 1001, 1),
(1, '2020-01-28', 1001, 2),
(1, '2020-01-28', 1001, 6),
(1, '2020-01-28', 1001, 10),
(3, '2020-01-28', 1001, 12),
(2, '2020-01-28', 1001, 15),
(2, '2020-01-28', 1001, 18),
(1, '2020-01-28', 1001, 20),
(1, '2020-01-28', 1001, 23),
(1, '2020-01-28', 1001, 26),
(2, '2020-01-28', 1001, 29),
(2, '2020-01-28', 1001, 31),
(2, '2020-01-28', 1001, 33),
(1, '2020-01-28', 1001, 36),
(1, '2020-01-28', 1001, 38),
(1, '2020-01-28', 1001, 40),
(1, '2020-01-28', 1001, 3),
(1, '2020-01-28', 1001, 5),
(1, '2020-01-28', 1001, 7),
(1, '2020-01-28', 1001, 9),
(1, '2020-01-28', 1001, 11),
(1, '2020-01-28', 1001, 14),
(1, '2020-01-28', 1001, 16),
(1, '2020-01-28', 1001, 19),
(1, '2020-01-28', 1001, 24),
(1, '2020-01-28', 1001, 22),
(1, '2020-01-28', 1001, 25),
(1, '2020-01-28', 1001, 28),
(1, '2020-01-28', 1001, 30),
(1, '2020-01-28', 1001, 32),
(1, '2020-01-28', 1001, 34),
(1, '2020-01-28', 1001, 4),
(1, '2020-01-28', 1001, 8),
(1, '2020-01-28', 1001, 13),
(2, '2020-01-28', 1001, 17),
(2, '2020-01-28', 1001, 21),
(1, '2020-01-28', 1001, 27),
(2, '2020-01-28', 1001, 35),
(2, '2020-01-28', 1001, 37),
(1, '2020-01-28', 1001, 39),
(3, '2020-01-29', 1001, 1),
(1, '2020-01-29', 1001, 2),
(1, '2020-01-29', 1001, 6),
(1, '2020-01-29', 1001, 10),
(1, '2020-01-29', 1001, 12),
(1, '2020-01-29', 1001, 15),
(1, '2020-01-29', 1001, 18),
(2, '2020-01-29', 1001, 20),
(1, '2020-01-29', 1001, 23),
(1, '2020-01-29', 1001, 26),
(1, '2020-01-29', 1001, 29),
(1, '2020-01-29', 1001, 31),
(1, '2020-01-29', 1001, 33),
(1, '2020-01-29', 1001, 36),
(1, '2020-01-29', 1001, 38),
(1, '2020-01-29', 1001, 40),
(1, '2020-01-29', 1001, 3),
(1, '2020-01-29', 1001, 5),
(1, '2020-01-29', 1001, 7),
(1, '2020-01-29', 1001, 9),
(1, '2020-01-29', 1001, 11),
(1, '2020-01-29', 1001, 14),
(1, '2020-01-29', 1001, 16),
(1, '2020-01-29', 1001, 19),
(1, '2020-01-29', 1001, 24),
(1, '2020-01-29', 1001, 22),
(1, '2020-01-29', 1001, 25),
(1, '2020-01-29', 1001, 28),
(1, '2020-01-29', 1001, 30),
(1, '2020-01-29', 1001, 32),
(1, '2020-01-29', 1001, 34),
(1, '2020-01-29', 1001, 4),
(1, '2020-01-29', 1001, 8),
(1, '2020-01-29', 1001, 13),
(1, '2020-01-29', 1001, 17),
(1, '2020-01-29', 1001, 21),
(1, '2020-01-29', 1001, 27),
(1, '2020-01-29', 1001, 35),
(2, '2020-01-29', 1001, 37),
(1, '2020-01-29', 1001, 39),
(2, '2019-12-26', 1001, 1),
(2, '2019-12-26', 1001, 2),
(2, '2019-12-26', 1001, 6),
(1, '2019-12-26', 1001, 10),
(2, '2019-12-26', 1001, 12),
(1, '2019-12-26', 1001, 15),
(1, '2019-12-26', 1001, 18),
(1, '2019-12-26', 1001, 20),
(1, '2019-12-26', 1001, 23),
(1, '2019-12-26', 1001, 26),
(1, '2019-12-26', 1001, 29),
(1, '2019-12-26', 1001, 31),
(1, '2019-12-26', 1001, 33),
(1, '2019-12-26', 1001, 36),
(1, '2019-12-26', 1001, 38),
(1, '2019-12-26', 1001, 40),
(1, '2019-12-26', 1001, 3),
(1, '2019-12-26', 1001, 5),
(1, '2019-12-26', 1001, 7),
(1, '2019-12-26', 1001, 9),
(1, '2019-12-26', 1001, 11),
(1, '2019-12-26', 1001, 14),
(1, '2019-12-26', 1001, 16),
(1, '2019-12-26', 1001, 19),
(1, '2019-12-26', 1001, 24),
(2, '2019-12-26', 1001, 22),
(1, '2019-12-26', 1001, 25),
(1, '2019-12-26', 1001, 28),
(1, '2019-12-26', 1001, 30),
(2, '2019-12-26', 1001, 32),
(1, '2019-12-26', 1001, 34),
(1, '2019-12-26', 1001, 4),
(1, '2019-12-26', 1001, 8),
(1, '2019-12-26', 1001, 13),
(1, '2019-12-26', 1001, 17),
(2, '2019-12-26', 1001, 21),
(1, '2019-12-26', 1001, 27),
(1, '2019-12-26', 1001, 35),
(2, '2019-12-26', 1001, 37),
(1, '2019-12-26', 1001, 39),
(1, '2020-01-30', 1001, 1),
(2, '2020-01-30', 1001, 2),
(1, '2020-01-30', 1001, 6),
(3, '2020-01-30', 1001, 10),
(1, '2020-01-30', 1001, 12),
(1, '2020-01-30', 1001, 15),
(1, '2020-01-30', 1001, 18),
(1, '2020-01-30', 1001, 20),
(1, '2020-01-30', 1001, 23),
(1, '2020-01-30', 1001, 26),
(1, '2020-01-30', 1001, 29),
(1, '2020-01-30', 1001, 31),
(1, '2020-01-30', 1001, 33),
(1, '2020-01-30', 1001, 36),
(1, '2020-01-30', 1001, 38),
(1, '2020-01-30', 1001, 40),
(1, '2020-01-30', 1001, 3),
(1, '2020-01-30', 1001, 5),
(1, '2020-01-30', 1001, 7),
(1, '2020-01-30', 1001, 9),
(1, '2020-01-30', 1001, 11),
(2, '2020-01-30', 1001, 14),
(2, '2020-01-30', 1001, 16),
(1, '2020-01-30', 1001, 19),
(2, '2020-01-30', 1001, 24),
(1, '2020-01-30', 1001, 22),
(1, '2020-01-30', 1001, 25),
(1, '2020-01-30', 1001, 28),
(2, '2020-01-30', 1001, 30),
(2, '2020-01-30', 1001, 32),
(2, '2020-01-30', 1001, 34),
(2, '2020-01-30', 1001, 4),
(1, '2020-01-30', 1001, 8),
(2, '2020-01-30', 1001, 13),
(2, '2020-01-30', 1001, 17),
(1, '2020-01-30', 1001, 21),
(2, '2020-01-30', 1001, 27),
(2, '2020-01-30', 1001, 35),
(2, '2020-01-30', 1001, 37),
(2, '2020-01-30', 1001, 39),
(1, '2019-12-28', 1001, 1),
(1, '2019-12-28', 1001, 2),
(1, '2019-12-28', 1001, 6),
(1, '2019-12-28', 1001, 10),
(1, '2019-12-28', 1001, 12),
(1, '2019-12-28', 1001, 15),
(1, '2019-12-28', 1001, 18),
(1, '2019-12-28', 1001, 20),
(1, '2019-12-28', 1001, 23),
(1, '2019-12-28', 1001, 26),
(1, '2019-12-28', 1001, 29),
(1, '2019-12-28', 1001, 31),
(1, '2019-12-28', 1001, 33),
(1, '2019-12-28', 1001, 36),
(1, '2019-12-28', 1001, 38),
(1, '2019-12-28', 1001, 40),
(1, '2019-12-28', 1001, 3),
(1, '2019-12-28', 1001, 5),
(1, '2019-12-28', 1001, 7),
(1, '2019-12-28', 1001, 9),
(1, '2019-12-28', 1001, 11),
(1, '2019-12-28', 1001, 14),
(1, '2019-12-28', 1001, 16),
(1, '2019-12-28', 1001, 19),
(1, '2019-12-28', 1001, 24),
(1, '2019-12-28', 1001, 22),
(1, '2019-12-28', 1001, 25),
(1, '2019-12-28', 1001, 28),
(1, '2019-12-28', 1001, 30),
(1, '2019-12-28', 1001, 32),
(1, '2019-12-28', 1001, 34),
(1, '2019-12-28', 1001, 4),
(1, '2019-12-28', 1001, 8),
(1, '2019-12-28', 1001, 13),
(1, '2019-12-28', 1001, 17),
(1, '2019-12-28', 1001, 21),
(1, '2019-12-28', 1001, 27),
(1, '2019-12-28', 1001, 35),
(1, '2019-12-28', 1001, 37),
(1, '2019-12-28', 1001, 39),
(1, '2019-12-29', 1001, 1),
(1, '2019-12-29', 1001, 2),
(1, '2019-12-29', 1001, 6),
(1, '2019-12-29', 1001, 10),
(1, '2019-12-29', 1001, 12),
(1, '2019-12-29', 1001, 15),
(1, '2019-12-29', 1001, 18),
(1, '2019-12-29', 1001, 20),
(1, '2019-12-29', 1001, 23),
(1, '2019-12-29', 1001, 26),
(1, '2019-12-29', 1001, 29),
(1, '2019-12-29', 1001, 31),
(1, '2019-12-29', 1001, 33),
(1, '2019-12-29', 1001, 36),
(1, '2019-12-29', 1001, 38),
(1, '2019-12-29', 1001, 40),
(1, '2019-12-29', 1001, 3),
(1, '2019-12-29', 1001, 5),
(1, '2019-12-29', 1001, 7),
(1, '2019-12-29', 1001, 9),
(1, '2019-12-29', 1001, 11),
(1, '2019-12-29', 1001, 14),
(1, '2019-12-29', 1001, 16),
(1, '2019-12-29', 1001, 19),
(3, '2019-12-29', 1001, 24),
(1, '2019-12-29', 1001, 22),
(1, '2019-12-29', 1001, 25),
(2, '2019-12-29', 1001, 28),
(1, '2019-12-29', 1001, 30),
(1, '2019-12-29', 1001, 32),
(1, '2019-12-29', 1001, 34),
(2, '2019-12-29', 1001, 4),
(1, '2019-12-29', 1001, 8),
(1, '2019-12-29', 1001, 13),
(2, '2019-12-29', 1001, 17),
(1, '2019-12-29', 1001, 21),
(1, '2019-12-29', 1001, 27),
(1, '2019-12-29', 1001, 35),
(1, '2019-12-29', 1001, 37),
(1, '2019-12-29', 1001, 39),
(1, '2020-01-31', 1001, 1),
(1, '2020-01-31', 1001, 2),
(1, '2020-01-31', 1001, 6),
(3, '2020-01-31', 1001, 10),
(1, '2020-01-31', 1001, 12),
(1, '2020-01-31', 1001, 15),
(1, '2020-01-31', 1001, 18),
(1, '2020-01-31', 1001, 20),
(1, '2020-01-31', 1001, 23),
(1, '2020-01-31', 1001, 26),
(1, '2020-01-31', 1001, 29),
(2, '2020-01-31', 1001, 31),
(1, '2020-01-31', 1001, 33),
(1, '2020-01-31', 1001, 36),
(1, '2020-01-31', 1001, 38),
(3, '2020-01-31', 1001, 40),
(1, '2020-01-31', 1001, 3),
(1, '2020-01-31', 1001, 5),
(1, '2020-01-31', 1001, 7),
(1, '2020-01-31', 1001, 9),
(1, '2020-01-31', 1001, 11),
(1, '2020-01-31', 1001, 14),
(1, '2020-01-31', 1001, 16),
(1, '2020-01-31', 1001, 19),
(1, '2020-01-31', 1001, 24),
(1, '2020-01-31', 1001, 22),
(1, '2020-01-31', 1001, 25),
(1, '2020-01-31', 1001, 28),
(1, '2020-01-31', 1001, 30),
(1, '2020-01-31', 1001, 32),
(1, '2020-01-31', 1001, 34),
(2, '2020-01-31', 1001, 4),
(1, '2020-01-31', 1001, 8),
(1, '2020-01-31', 1001, 13),
(2, '2020-01-31', 1001, 17),
(1, '2020-01-31', 1001, 21),
(1, '2020-01-31', 1001, 27),
(1, '2020-01-31', 1001, 35),
(1, '2020-01-31', 1001, 37),
(2, '2020-01-31', 1001, 39),
(1, '2019-12-30', 1001, 1),
(1, '2019-12-30', 1001, 2),
(1, '2019-12-30', 1001, 6),
(1, '2019-12-30', 1001, 10),
(1, '2019-12-30', 1001, 12),
(1, '2019-12-30', 1001, 15),
(1, '2019-12-30', 1001, 18),
(1, '2019-12-30', 1001, 20),
(1, '2019-12-30', 1001, 23),
(1, '2019-12-30', 1001, 26),
(1, '2019-12-30', 1001, 29),
(1, '2019-12-30', 1001, 31),
(1, '2019-12-30', 1001, 33),
(1, '2019-12-30', 1001, 36),
(1, '2019-12-30', 1001, 38),
(1, '2019-12-30', 1001, 40),
(1, '2019-12-30', 1001, 3),
(1, '2019-12-30', 1001, 5),
(1, '2019-12-30', 1001, 7),
(1, '2019-12-30', 1001, 9),
(1, '2019-12-30', 1001, 11),
(1, '2019-12-30', 1001, 14),
(1, '2019-12-30', 1001, 16),
(1, '2019-12-30', 1001, 19),
(1, '2019-12-30', 1001, 24),
(1, '2019-12-30', 1001, 22),
(1, '2019-12-30', 1001, 25),
(1, '2019-12-30', 1001, 28),
(1, '2019-12-30', 1001, 30),
(1, '2019-12-30', 1001, 32),
(1, '2019-12-30', 1001, 34),
(1, '2019-12-30', 1001, 4),
(1, '2019-12-30', 1001, 8),
(1, '2019-12-30', 1001, 13),
(1, '2019-12-30', 1001, 17),
(1, '2019-12-30', 1001, 21),
(1, '2019-12-30', 1001, 27),
(1, '2019-12-30', 1001, 35),
(1, '2019-12-30', 1001, 37),
(1, '2019-12-30', 1001, 39),
(1, '2019-12-31', 1001, 1),
(1, '2019-12-31', 1001, 2),
(1, '2019-12-31', 1001, 6),
(1, '2019-12-31', 1001, 10),
(1, '2019-12-31', 1001, 12),
(1, '2019-12-31', 1001, 15),
(1, '2019-12-31', 1001, 18),
(1, '2019-12-31', 1001, 20),
(1, '2019-12-31', 1001, 23),
(1, '2019-12-31', 1001, 26),
(1, '2019-12-31', 1001, 29),
(1, '2019-12-31', 1001, 31),
(1, '2019-12-31', 1001, 33),
(1, '2019-12-31', 1001, 36),
(1, '2019-12-31', 1001, 38),
(1, '2019-12-31', 1001, 40),
(1, '2019-12-31', 1001, 3),
(1, '2019-12-31', 1001, 5),
(1, '2019-12-31', 1001, 7),
(1, '2019-12-31', 1001, 9),
(1, '2019-12-31', 1001, 11),
(1, '2019-12-31', 1001, 14),
(1, '2019-12-31', 1001, 16),
(1, '2019-12-31', 1001, 19),
(1, '2019-12-31', 1001, 24),
(1, '2019-12-31', 1001, 22),
(1, '2019-12-31', 1001, 25),
(1, '2019-12-31', 1001, 28),
(1, '2019-12-31', 1001, 30),
(1, '2019-12-31', 1001, 32),
(1, '2019-12-31', 1001, 34),
(1, '2019-12-31', 1001, 4),
(1, '2019-12-31', 1001, 8),
(1, '2019-12-31', 1001, 13),
(1, '2019-12-31', 1001, 17),
(1, '2019-12-31', 1001, 21),
(1, '2019-12-31', 1001, 27),
(1, '2019-12-31', 1001, 35),
(1, '2019-12-31', 1001, 37),
(1, '2019-12-31', 1001, 39),
(1, '2020-02-01', 1001, 1),
(1, '2020-02-01', 1001, 2),
(1, '2020-02-01', 1001, 6),
(1, '2020-02-01', 1001, 10),
(1, '2020-02-01', 1001, 12),
(1, '2020-02-01', 1001, 15),
(1, '2020-02-01', 1001, 18),
(1, '2020-02-01', 1001, 20),
(1, '2020-02-01', 1001, 23),
(1, '2020-02-01', 1001, 26),
(1, '2020-02-01', 1001, 29),
(1, '2020-02-01', 1001, 31),
(1, '2020-02-01', 1001, 33),
(1, '2020-02-01', 1001, 36),
(1, '2020-02-01', 1001, 38),
(1, '2020-02-01', 1001, 40),
(1, '2020-02-01', 1001, 3),
(1, '2020-02-01', 1001, 5),
(1, '2020-02-01', 1001, 7),
(1, '2020-02-01', 1001, 9),
(1, '2020-02-01', 1001, 11),
(1, '2020-02-01', 1001, 14),
(1, '2020-02-01', 1001, 16),
(1, '2020-02-01', 1001, 19),
(1, '2020-02-01', 1001, 24),
(1, '2020-02-01', 1001, 22),
(1, '2020-02-01', 1001, 25),
(1, '2020-02-01', 1001, 28),
(1, '2020-02-01', 1001, 30),
(1, '2020-02-01', 1001, 32),
(1, '2020-02-01', 1001, 34),
(1, '2020-02-01', 1001, 4),
(1, '2020-02-01', 1001, 8),
(1, '2020-02-01', 1001, 13),
(1, '2020-02-01', 1001, 17),
(1, '2020-02-01', 1001, 21),
(1, '2020-02-01', 1001, 27),
(1, '2020-02-01', 1001, 35),
(1, '2020-02-01', 1001, 37),
(1, '2020-02-01', 1001, 39),
(3, '2019-12-08', 1001, 1),
(1, '2019-12-08', 1001, 2),
(3, '2019-12-08', 1001, 6),
(1, '2019-12-08', 1001, 10),
(1, '2019-12-08', 1001, 12),
(1, '2019-12-08', 1001, 15),
(1, '2019-12-08', 1001, 18),
(1, '2019-12-08', 1001, 20),
(1, '2019-12-08', 1001, 23),
(1, '2019-12-08', 1001, 26),
(1, '2019-12-08', 1001, 29),
(1, '2019-12-08', 1001, 31),
(1, '2019-12-08', 1001, 33),
(1, '2019-12-08', 1001, 36),
(1, '2019-12-08', 1001, 38),
(1, '2019-12-08', 1001, 40),
(1, '2019-12-08', 1001, 3),
(1, '2019-12-08', 1001, 5),
(1, '2019-12-08', 1001, 7),
(1, '2019-12-08', 1001, 9),
(1, '2019-12-08', 1001, 11),
(1, '2019-12-08', 1001, 14),
(1, '2019-12-08', 1001, 16),
(1, '2019-12-08', 1001, 19),
(3, '2019-12-08', 1001, 24),
(1, '2019-12-08', 1001, 22),
(1, '2019-12-08', 1001, 25),
(1, '2019-12-08', 1001, 28),
(2, '2019-12-08', 1001, 30),
(1, '2019-12-08', 1001, 32),
(1, '2019-12-08', 1001, 34),
(1, '2019-12-08', 1001, 4),
(3, '2019-12-08', 1001, 8),
(1, '2019-12-08', 1001, 13),
(1, '2019-12-08', 1001, 17),
(1, '2019-12-08', 1001, 21),
(2, '2019-12-08', 1001, 27),
(1, '2019-12-08', 1001, 35),
(1, '2019-12-08', 1001, 37),
(1, '2019-12-08', 1001, 39),
(1, '2019-12-07', 1001, 1),
(1, '2019-12-07', 1001, 2),
(1, '2019-12-07', 1001, 6),
(1, '2019-12-07', 1001, 10),
(1, '2019-12-07', 1001, 12),
(1, '2019-12-07', 1001, 15),
(1, '2019-12-07', 1001, 18),
(1, '2019-12-07', 1001, 20),
(1, '2019-12-07', 1001, 23),
(1, '2019-12-07', 1001, 26),
(1, '2019-12-07', 1001, 29),
(1, '2019-12-07', 1001, 31),
(1, '2019-12-07', 1001, 33),
(1, '2019-12-07', 1001, 36),
(1, '2019-12-07', 1001, 38),
(1, '2019-12-07', 1001, 40),
(1, '2019-12-07', 1001, 3),
(1, '2019-12-07', 1001, 5),
(1, '2019-12-07', 1001, 7),
(1, '2019-12-07', 1001, 9),
(1, '2019-12-07', 1001, 11),
(1, '2019-12-07', 1001, 14),
(1, '2019-12-07', 1001, 16),
(1, '2019-12-07', 1001, 19),
(1, '2019-12-07', 1001, 24),
(1, '2019-12-07', 1001, 22),
(1, '2019-12-07', 1001, 25),
(1, '2019-12-07', 1001, 28),
(1, '2019-12-07', 1001, 30),
(1, '2019-12-07', 1001, 32),
(1, '2019-12-07', 1001, 34),
(1, '2019-12-07', 1001, 4),
(1, '2019-12-07', 1001, 8),
(1, '2019-12-07', 1001, 13),
(1, '2019-12-07', 1001, 17),
(1, '2019-12-07', 1001, 21),
(1, '2019-12-07', 1001, 27),
(1, '2019-12-07', 1001, 35),
(1, '2019-12-07', 1001, 37),
(1, '2019-12-07', 1001, 39),
(1, '2019-12-14', 1001, 1),
(2, '2019-12-14', 1001, 2),
(1, '2019-12-14', 1001, 6),
(2, '2019-12-14', 1001, 10),
(1, '2019-12-14', 1001, 12),
(1, '2019-12-14', 1001, 15),
(1, '2019-12-14', 1001, 18),
(2, '2019-12-14', 1001, 20),
(1, '2019-12-14', 1001, 23),
(1, '2019-12-14', 1001, 26),
(3, '2019-12-14', 1001, 29),
(1, '2019-12-14', 1001, 31),
(1, '2019-12-14', 1001, 33),
(2, '2019-12-14', 1001, 36),
(1, '2019-12-14', 1001, 38),
(3, '2019-12-14', 1001, 40),
(1, '2019-12-14', 1001, 3),
(2, '2019-12-14', 1001, 5),
(1, '2019-12-14', 1001, 7),
(1, '2019-12-14', 1001, 9),
(1, '2019-12-14', 1001, 11),
(1, '2019-12-14', 1001, 14),
(1, '2019-12-14', 1001, 16),
(1, '2019-12-14', 1001, 19),
(1, '2019-12-14', 1001, 24),
(1, '2019-12-14', 1001, 22),
(1, '2019-12-14', 1001, 25),
(1, '2019-12-14', 1001, 28),
(2, '2019-12-14', 1001, 30),
(1, '2019-12-14', 1001, 32),
(1, '2019-12-14', 1001, 34),
(3, '2019-12-14', 1001, 4),
(1, '2019-12-14', 1001, 8),
(2, '2019-12-14', 1001, 13),
(1, '2019-12-14', 1001, 17),
(1, '2019-12-14', 1001, 21),
(1, '2019-12-14', 1001, 27),
(1, '2019-12-14', 1001, 35),
(2, '2019-12-14', 1001, 37),
(1, '2019-12-14', 1001, 39),
(1, '2019-12-19', 1001, 1),
(1, '2019-12-19', 1001, 2),
(1, '2019-12-19', 1001, 6),
(1, '2019-12-19', 1001, 10),
(1, '2019-12-19', 1001, 12),
(1, '2019-12-19', 1001, 15),
(1, '2019-12-19', 1001, 18),
(1, '2019-12-19', 1001, 20),
(1, '2019-12-19', 1001, 23),
(1, '2019-12-19', 1001, 26),
(1, '2019-12-19', 1001, 29),
(1, '2019-12-19', 1001, 31),
(1, '2019-12-19', 1001, 33),
(1, '2019-12-19', 1001, 36),
(1, '2019-12-19', 1001, 38),
(1, '2019-12-19', 1001, 40),
(1, '2019-12-19', 1001, 3),
(1, '2019-12-19', 1001, 5),
(1, '2019-12-19', 1001, 7),
(1, '2019-12-19', 1001, 9),
(1, '2019-12-19', 1001, 11),
(1, '2019-12-19', 1001, 14),
(1, '2019-12-19', 1001, 16),
(1, '2019-12-19', 1001, 19),
(1, '2019-12-19', 1001, 24),
(1, '2019-12-19', 1001, 22),
(1, '2019-12-19', 1001, 25),
(1, '2019-12-19', 1001, 28),
(1, '2019-12-19', 1001, 30),
(1, '2019-12-19', 1001, 32),
(1, '2019-12-19', 1001, 34),
(1, '2019-12-19', 1001, 4),
(1, '2019-12-19', 1001, 8),
(1, '2019-12-19', 1001, 13),
(1, '2019-12-19', 1001, 17),
(1, '2019-12-19', 1001, 21),
(1, '2019-12-19', 1001, 27),
(1, '2019-12-19', 1001, 35),
(1, '2019-12-19', 1001, 37),
(1, '2019-12-19', 1001, 39),
(1, '2020-02-03', 1001, 1),
(1, '2020-02-03', 1001, 2),
(1, '2020-02-03', 1001, 6),
(1, '2020-02-03', 1001, 10),
(1, '2020-02-03', 1001, 12),
(1, '2020-02-03', 1001, 15),
(1, '2020-02-03', 1001, 18),
(1, '2020-02-03', 1001, 20),
(1, '2020-02-03', 1001, 23),
(1, '2020-02-03', 1001, 26),
(1, '2020-02-03', 1001, 29),
(1, '2020-02-03', 1001, 31),
(1, '2020-02-03', 1001, 33),
(1, '2020-02-03', 1001, 36),
(1, '2020-02-03', 1001, 38),
(1, '2020-02-03', 1001, 40),
(1, '2020-02-03', 1001, 3),
(1, '2020-02-03', 1001, 5),
(1, '2020-02-03', 1001, 7),
(1, '2020-02-03', 1001, 9),
(1, '2020-02-03', 1001, 11),
(1, '2020-02-03', 1001, 14),
(1, '2020-02-03', 1001, 16),
(1, '2020-02-03', 1001, 19),
(1, '2020-02-03', 1001, 24),
(1, '2020-02-03', 1001, 22),
(1, '2020-02-03', 1001, 25),
(1, '2020-02-03', 1001, 28),
(1, '2020-02-03', 1001, 30),
(1, '2020-02-03', 1001, 32),
(1, '2020-02-03', 1001, 34),
(1, '2020-02-03', 1001, 4),
(1, '2020-02-03', 1001, 8),
(1, '2020-02-03', 1001, 13),
(1, '2020-02-03', 1001, 17),
(1, '2020-02-03', 1001, 21),
(1, '2020-02-03', 1001, 27),
(1, '2020-02-03', 1001, 35),
(1, '2020-02-03', 1001, 37),
(1, '2020-02-03', 1001, 39),
(2, '2020-02-04', 1001, 1),
(2, '2020-02-04', 1001, 2),
(2, '2020-02-04', 1001, 6),
(2, '2020-02-04', 1001, 10),
(2, '2020-02-04', 1001, 12),
(1, '2020-02-04', 1001, 15),
(2, '2020-02-04', 1001, 18),
(2, '2020-02-04', 1001, 20),
(2, '2020-02-04', 1001, 23),
(1, '2020-02-04', 1001, 26),
(2, '2020-02-04', 1001, 29),
(2, '2020-02-04', 1001, 31),
(2, '2020-02-04', 1001, 33),
(2, '2020-02-04', 1001, 36),
(2, '2020-02-04', 1001, 38),
(2, '2020-02-04', 1001, 40),
(2, '2020-02-04', 1001, 3),
(2, '2020-02-04', 1001, 5),
(1, '2020-02-04', 1001, 7),
(2, '2020-02-04', 1001, 9),
(2, '2020-02-04', 1001, 11),
(2, '2020-02-04', 1001, 14),
(2, '2020-02-04', 1001, 16),
(1, '2020-02-04', 1001, 19),
(2, '2020-02-04', 1001, 24),
(2, '2020-02-04', 1001, 22),
(2, '2020-02-04', 1001, 25),
(2, '2020-02-04', 1001, 28),
(2, '2020-02-04', 1001, 30),
(2, '2020-02-04', 1001, 32),
(2, '2020-02-04', 1001, 34),
(2, '2020-02-04', 1001, 4),
(2, '2020-02-04', 1001, 8),
(2, '2020-02-04', 1001, 13),
(2, '2020-02-04', 1001, 17),
(2, '2020-02-04', 1001, 21),
(2, '2020-02-04', 1001, 27),
(2, '2020-02-04', 1001, 35),
(2, '2020-02-04', 1001, 37),
(2, '2020-02-04', 1001, 39),
(1, '2020-02-05', 1001, 1),
(1, '2020-02-05', 1001, 2),
(1, '2020-02-05', 1001, 6),
(1, '2020-02-05', 1001, 10),
(1, '2020-02-05', 1001, 12),
(1, '2020-02-05', 1001, 15),
(1, '2020-02-05', 1001, 18),
(1, '2020-02-05', 1001, 20),
(1, '2020-02-05', 1001, 23),
(1, '2020-02-05', 1001, 26),
(1, '2020-02-05', 1001, 29),
(1, '2020-02-05', 1001, 31),
(1, '2020-02-05', 1001, 33),
(1, '2020-02-05', 1001, 36),
(1, '2020-02-05', 1001, 38),
(1, '2020-02-05', 1001, 40),
(1, '2020-02-05', 1001, 3),
(1, '2020-02-05', 1001, 5),
(1, '2020-02-05', 1001, 7),
(1, '2020-02-05', 1001, 9),
(1, '2020-02-05', 1001, 11),
(1, '2020-02-05', 1001, 14),
(1, '2020-02-05', 1001, 16),
(1, '2020-02-05', 1001, 19),
(1, '2020-02-05', 1001, 24),
(1, '2020-02-05', 1001, 22),
(1, '2020-02-05', 1001, 25),
(1, '2020-02-05', 1001, 28),
(1, '2020-02-05', 1001, 30),
(1, '2020-02-05', 1001, 32),
(1, '2020-02-05', 1001, 34),
(1, '2020-02-05', 1001, 4),
(1, '2020-02-05', 1001, 8),
(1, '2020-02-05', 1001, 13),
(1, '2020-02-05', 1001, 17),
(1, '2020-02-05', 1001, 21),
(1, '2020-02-05', 1001, 27),
(1, '2020-02-05', 1001, 35),
(1, '2020-02-05', 1001, 37),
(1, '2020-02-05', 1001, 39),
(1, '2020-02-06', 1001, 1),
(1, '2020-02-06', 1001, 2),
(1, '2020-02-06', 1001, 6),
(1, '2020-02-06', 1001, 10),
(1, '2020-02-06', 1001, 12),
(1, '2020-02-06', 1001, 15),
(1, '2020-02-06', 1001, 18),
(1, '2020-02-06', 1001, 20),
(1, '2020-02-06', 1001, 23),
(1, '2020-02-06', 1001, 26),
(1, '2020-02-06', 1001, 29),
(1, '2020-02-06', 1001, 31),
(1, '2020-02-06', 1001, 33),
(1, '2020-02-06', 1001, 36),
(1, '2020-02-06', 1001, 38),
(1, '2020-02-06', 1001, 40),
(1, '2020-02-06', 1001, 3),
(1, '2020-02-06', 1001, 5),
(1, '2020-02-06', 1001, 7),
(1, '2020-02-06', 1001, 9),
(1, '2020-02-06', 1001, 11),
(1, '2020-02-06', 1001, 14),
(1, '2020-02-06', 1001, 16),
(1, '2020-02-06', 1001, 19),
(1, '2020-02-06', 1001, 24),
(1, '2020-02-06', 1001, 22),
(1, '2020-02-06', 1001, 25),
(1, '2020-02-06', 1001, 28),
(1, '2020-02-06', 1001, 30),
(1, '2020-02-06', 1001, 32),
(1, '2020-02-06', 1001, 34),
(1, '2020-02-06', 1001, 4),
(1, '2020-02-06', 1001, 8),
(1, '2020-02-06', 1001, 13),
(1, '2020-02-06', 1001, 17),
(1, '2020-02-06', 1001, 21),
(1, '2020-02-06', 1001, 27),
(1, '2020-02-06', 1001, 35),
(1, '2020-02-06', 1001, 37),
(1, '2020-02-06', 1001, 39),
(2, '2020-02-07', 1001, 1),
(2, '2020-02-07', 1001, 2),
(2, '2020-02-07', 1001, 6),
(2, '2020-02-07', 1001, 10),
(2, '2020-02-07', 1001, 12),
(1, '2020-02-07', 1001, 15),
(1, '2020-02-07', 1001, 18),
(1, '2020-02-07', 1001, 20),
(2, '2020-02-07', 1001, 23),
(2, '2020-02-07', 1001, 26),
(2, '2020-02-07', 1001, 29),
(1, '2020-02-07', 1001, 31),
(2, '2020-02-07', 1001, 33),
(2, '2020-02-07', 1001, 36),
(2, '2020-02-07', 1001, 38),
(2, '2020-02-07', 1001, 40),
(2, '2020-02-07', 1001, 3),
(1, '2020-02-07', 1001, 5),
(3, '2020-02-07', 1001, 7),
(3, '2020-02-07', 1001, 9),
(3, '2020-02-07', 1001, 11),
(3, '2020-02-07', 1001, 14),
(1, '2020-02-07', 1001, 16),
(3, '2020-02-07', 1001, 19),
(3, '2020-02-07', 1001, 24),
(3, '2020-02-07', 1001, 22),
(3, '2020-02-07', 1001, 25),
(3, '2020-02-07', 1001, 28),
(3, '2020-02-07', 1001, 30),
(3, '2020-02-07', 1001, 32),
(3, '2020-02-07', 1001, 34),
(1, '2020-02-07', 1001, 4),
(3, '2020-02-07', 1001, 8),
(3, '2020-02-07', 1001, 13),
(3, '2020-02-07', 1001, 17),
(1, '2020-02-07', 1001, 21),
(1, '2020-02-07', 1001, 27),
(2, '2020-02-07', 1001, 35),
(2, '2020-02-07', 1001, 37),
(2, '2020-02-07', 1001, 39),
(1, '2020-02-08', 1001, 1),
(1, '2020-02-08', 1001, 2),
(1, '2020-02-08', 1001, 6),
(1, '2020-02-08', 1001, 10),
(1, '2020-02-08', 1001, 12),
(1, '2020-02-08', 1001, 15),
(1, '2020-02-08', 1001, 18),
(1, '2020-02-08', 1001, 20),
(1, '2020-02-08', 1001, 23),
(1, '2020-02-08', 1001, 26),
(1, '2020-02-08', 1001, 29),
(1, '2020-02-08', 1001, 31),
(1, '2020-02-08', 1001, 33),
(1, '2020-02-08', 1001, 36),
(1, '2020-02-08', 1001, 38),
(1, '2020-02-08', 1001, 40),
(1, '2020-02-08', 1001, 3),
(1, '2020-02-08', 1001, 5),
(1, '2020-02-08', 1001, 7),
(1, '2020-02-08', 1001, 9),
(1, '2020-02-08', 1001, 11),
(1, '2020-02-08', 1001, 14),
(1, '2020-02-08', 1001, 16),
(1, '2020-02-08', 1001, 19),
(1, '2020-02-08', 1001, 24),
(1, '2020-02-08', 1001, 22),
(1, '2020-02-08', 1001, 25),
(1, '2020-02-08', 1001, 28),
(1, '2020-02-08', 1001, 30),
(1, '2020-02-08', 1001, 32),
(1, '2020-02-08', 1001, 34),
(1, '2020-02-08', 1001, 4),
(1, '2020-02-08', 1001, 8),
(1, '2020-02-08', 1001, 13),
(1, '2020-02-08', 1001, 17),
(1, '2020-02-08', 1001, 21),
(1, '2020-02-08', 1001, 27),
(1, '2020-02-08', 1001, 35),
(1, '2020-02-08', 1001, 37),
(1, '2020-02-08', 1001, 39),
(1, '2020-02-10', 1001, 1),
(1, '2020-02-10', 1001, 2),
(1, '2020-02-10', 1001, 6),
(1, '2020-02-10', 1001, 10),
(1, '2020-02-10', 1001, 12),
(1, '2020-02-10', 1001, 15),
(1, '2020-02-10', 1001, 18),
(1, '2020-02-10', 1001, 20),
(1, '2020-02-10', 1001, 23),
(1, '2020-02-10', 1001, 26),
(1, '2020-02-10', 1001, 29),
(1, '2020-02-10', 1001, 31),
(1, '2020-02-10', 1001, 33),
(1, '2020-02-10', 1001, 36),
(1, '2020-02-10', 1001, 38),
(1, '2020-02-10', 1001, 40),
(1, '2020-02-10', 1001, 3),
(1, '2020-02-10', 1001, 5),
(1, '2020-02-10', 1001, 7),
(1, '2020-02-10', 1001, 9),
(1, '2020-02-10', 1001, 11),
(1, '2020-02-10', 1001, 14),
(1, '2020-02-10', 1001, 16),
(1, '2020-02-10', 1001, 19),
(1, '2020-02-10', 1001, 24),
(1, '2020-02-10', 1001, 22),
(1, '2020-02-10', 1001, 25),
(1, '2020-02-10', 1001, 28),
(1, '2020-02-10', 1001, 30),
(1, '2020-02-10', 1001, 32),
(1, '2020-02-10', 1001, 34),
(1, '2020-02-10', 1001, 4),
(1, '2020-02-10', 1001, 8),
(1, '2020-02-10', 1001, 13),
(1, '2020-02-10', 1001, 17),
(1, '2020-02-10', 1001, 21),
(1, '2020-02-10', 1001, 27),
(1, '2020-02-10', 1001, 35),
(1, '2020-02-10', 1001, 37),
(1, '2020-02-10', 1001, 39),
(2, '2020-02-11', 1001, 1),
(2, '2020-02-11', 1001, 2),
(2, '2020-02-11', 1001, 6),
(2, '2020-02-11', 1001, 10),
(1, '2020-02-11', 1001, 12),
(1, '2020-02-11', 1001, 15),
(1, '2020-02-11', 1001, 18),
(2, '2020-02-11', 1001, 20),
(2, '2020-02-11', 1001, 23),
(2, '2020-02-11', 1001, 26),
(2, '2020-02-11', 1001, 29),
(2, '2020-02-11', 1001, 31),
(2, '2020-02-11', 1001, 33),
(2, '2020-02-11', 1001, 36),
(1, '2020-02-11', 1001, 38),
(1, '2020-02-11', 1001, 40),
(1, '2020-02-11', 1001, 3),
(1, '2020-02-11', 1001, 5),
(1, '2020-02-11', 1001, 7),
(1, '2020-02-11', 1001, 9),
(1, '2020-02-11', 1001, 11),
(1, '2020-02-11', 1001, 14),
(1, '2020-02-11', 1001, 16),
(1, '2020-02-11', 1001, 19),
(1, '2020-02-11', 1001, 24),
(1, '2020-02-11', 1001, 22),
(1, '2020-02-11', 1001, 25),
(1, '2020-02-11', 1001, 28),
(1, '2020-02-11', 1001, 30),
(1, '2020-02-11', 1001, 32),
(1, '2020-02-11', 1001, 34),
(2, '2020-02-11', 1001, 4),
(2, '2020-02-11', 1001, 8),
(2, '2020-02-11', 1001, 13),
(2, '2020-02-11', 1001, 17),
(1, '2020-02-11', 1001, 21),
(1, '2020-02-11', 1001, 27),
(1, '2020-02-11', 1001, 35),
(1, '2020-02-11', 1001, 37),
(1, '2020-02-11', 1001, 39),
(1, '2020-02-12', 1001, 1),
(1, '2020-02-12', 1001, 2),
(1, '2020-02-12', 1001, 6),
(1, '2020-02-12', 1001, 10),
(1, '2020-02-12', 1001, 12),
(1, '2020-02-12', 1001, 15),
(1, '2020-02-12', 1001, 18),
(1, '2020-02-12', 1001, 20),
(1, '2020-02-12', 1001, 23),
(1, '2020-02-12', 1001, 26),
(1, '2020-02-12', 1001, 29),
(1, '2020-02-12', 1001, 31),
(1, '2020-02-12', 1001, 33),
(1, '2020-02-12', 1001, 36),
(1, '2020-02-12', 1001, 38),
(1, '2020-02-12', 1001, 40),
(1, '2020-02-12', 1001, 3),
(1, '2020-02-12', 1001, 5),
(1, '2020-02-12', 1001, 7),
(1, '2020-02-12', 1001, 9),
(1, '2020-02-12', 1001, 11),
(1, '2020-02-12', 1001, 14),
(1, '2020-02-12', 1001, 16),
(1, '2020-02-12', 1001, 19),
(1, '2020-02-12', 1001, 24),
(1, '2020-02-12', 1001, 22),
(1, '2020-02-12', 1001, 25),
(1, '2020-02-12', 1001, 28),
(1, '2020-02-12', 1001, 30),
(1, '2020-02-12', 1001, 32),
(1, '2020-02-12', 1001, 34),
(1, '2020-02-12', 1001, 4),
(1, '2020-02-12', 1001, 8),
(1, '2020-02-12', 1001, 13),
(1, '2020-02-12', 1001, 17),
(1, '2020-02-12', 1001, 21),
(1, '2020-02-12', 1001, 27),
(1, '2020-02-12', 1001, 35),
(1, '2020-02-12', 1001, 37),
(1, '2020-02-12', 1001, 39),
(3, '2020-02-13', 1001, 1),
(3, '2020-02-13', 1001, 2),
(3, '2020-02-13', 1001, 6),
(1, '2020-02-13', 1001, 10),
(1, '2020-02-13', 1001, 12),
(1, '2020-02-13', 1001, 15),
(1, '2020-02-13', 1001, 18),
(3, '2020-02-13', 1001, 20),
(3, '2020-02-13', 1001, 23),
(3, '2020-02-13', 1001, 26),
(3, '2020-02-13', 1001, 29),
(3, '2020-02-13', 1001, 31),
(1, '2020-02-13', 1001, 33),
(1, '2020-02-13', 1001, 36),
(1, '2020-02-13', 1001, 38),
(1, '2020-02-13', 1001, 40),
(1, '2020-02-13', 1001, 3),
(1, '2020-02-13', 1001, 5),
(1, '2020-02-13', 1001, 7),
(3, '2020-02-13', 1001, 9),
(3, '2020-02-13', 1001, 11),
(3, '2020-02-13', 1001, 14),
(3, '2020-02-13', 1001, 16),
(3, '2020-02-13', 1001, 19),
(3, '2020-02-13', 1001, 24),
(3, '2020-02-13', 1001, 22),
(3, '2020-02-13', 1001, 25),
(2, '2020-02-13', 1001, 28),
(2, '2020-02-13', 1001, 30),
(2, '2020-02-13', 1001, 32),
(2, '2020-02-13', 1001, 34),
(2, '2020-02-13', 1001, 4),
(2, '2020-02-13', 1001, 8),
(2, '2020-02-13', 1001, 13),
(2, '2020-02-13', 1001, 17),
(2, '2020-02-13', 1001, 21),
(2, '2020-02-13', 1001, 27),
(2, '2020-02-13', 1001, 35),
(2, '2020-02-13', 1001, 37),
(2, '2020-02-13', 1001, 39),
(1, '2020-02-14', 1001, 1),
(1, '2020-02-14', 1001, 2),
(1, '2020-02-14', 1001, 6),
(1, '2020-02-14', 1001, 10),
(1, '2020-02-14', 1001, 12),
(1, '2020-02-14', 1001, 15),
(1, '2020-02-14', 1001, 18),
(1, '2020-02-14', 1001, 20),
(1, '2020-02-14', 1001, 23),
(1, '2020-02-14', 1001, 26),
(1, '2020-02-14', 1001, 29),
(1, '2020-02-14', 1001, 31),
(1, '2020-02-14', 1001, 33),
(1, '2020-02-14', 1001, 36),
(1, '2020-02-14', 1001, 38),
(1, '2020-02-14', 1001, 40),
(1, '2020-02-14', 1001, 3),
(1, '2020-02-14', 1001, 5),
(1, '2020-02-14', 1001, 7),
(1, '2020-02-14', 1001, 9),
(1, '2020-02-14', 1001, 11),
(1, '2020-02-14', 1001, 14),
(1, '2020-02-14', 1001, 16),
(1, '2020-02-14', 1001, 19),
(1, '2020-02-14', 1001, 24),
(1, '2020-02-14', 1001, 22),
(1, '2020-02-14', 1001, 25),
(1, '2020-02-14', 1001, 28),
(1, '2020-02-14', 1001, 30),
(1, '2020-02-14', 1001, 32),
(1, '2020-02-14', 1001, 34),
(1, '2020-02-14', 1001, 4),
(1, '2020-02-14', 1001, 8),
(1, '2020-02-14', 1001, 13),
(1, '2020-02-14', 1001, 17),
(1, '2020-02-14', 1001, 21),
(1, '2020-02-14', 1001, 27),
(1, '2020-02-14', 1001, 35),
(1, '2020-02-14', 1001, 37),
(1, '2020-02-14', 1001, 39),
(1, '2020-02-15', 1001, 1),
(1, '2020-02-15', 1001, 2),
(1, '2020-02-15', 1001, 6),
(1, '2020-02-15', 1001, 10),
(1, '2020-02-15', 1001, 12),
(1, '2020-02-15', 1001, 15),
(1, '2020-02-15', 1001, 18),
(1, '2020-02-15', 1001, 20),
(1, '2020-02-15', 1001, 23),
(1, '2020-02-15', 1001, 26),
(1, '2020-02-15', 1001, 29),
(1, '2020-02-15', 1001, 31),
(1, '2020-02-15', 1001, 33),
(1, '2020-02-15', 1001, 36),
(1, '2020-02-15', 1001, 38),
(1, '2020-02-15', 1001, 40),
(1, '2020-02-15', 1001, 3),
(1, '2020-02-15', 1001, 5),
(1, '2020-02-15', 1001, 7),
(1, '2020-02-15', 1001, 9),
(2, '2020-02-15', 1001, 11),
(2, '2020-02-15', 1001, 14),
(2, '2020-02-15', 1001, 16),
(1, '2020-02-15', 1001, 19),
(1, '2020-02-15', 1001, 24),
(1, '2020-02-15', 1001, 22),
(1, '2020-02-15', 1001, 25),
(1, '2020-02-15', 1001, 28),
(2, '2020-02-15', 1001, 30),
(2, '2020-02-15', 1001, 32),
(2, '2020-02-15', 1001, 34),
(2, '2020-02-15', 1001, 4),
(2, '2020-02-15', 1001, 8),
(1, '2020-02-15', 1001, 13),
(1, '2020-02-15', 1001, 17),
(1, '2020-02-15', 1001, 21),
(1, '2020-02-15', 1001, 27),
(1, '2020-02-15', 1001, 35),
(1, '2020-02-15', 1001, 37),
(1, '2020-02-15', 1001, 39),
(1, '2020-02-17', 1001, 1),
(1, '2020-02-17', 1001, 2),
(1, '2020-02-17', 1001, 6),
(1, '2020-02-17', 1001, 10),
(1, '2020-02-17', 1001, 12),
(1, '2020-02-17', 1001, 15),
(1, '2020-02-17', 1001, 18),
(1, '2020-02-17', 1001, 20),
(1, '2020-02-17', 1001, 23),
(1, '2020-02-17', 1001, 26),
(1, '2020-02-17', 1001, 29),
(1, '2020-02-17', 1001, 31),
(1, '2020-02-17', 1001, 33),
(1, '2020-02-17', 1001, 36),
(1, '2020-02-17', 1001, 38),
(1, '2020-02-17', 1001, 40),
(1, '2020-02-17', 1001, 3),
(1, '2020-02-17', 1001, 5),
(1, '2020-02-17', 1001, 7),
(1, '2020-02-17', 1001, 9),
(1, '2020-02-17', 1001, 11),
(1, '2020-02-17', 1001, 14),
(1, '2020-02-17', 1001, 16),
(1, '2020-02-17', 1001, 19),
(1, '2020-02-17', 1001, 24),
(1, '2020-02-17', 1001, 22),
(1, '2020-02-17', 1001, 25),
(1, '2020-02-17', 1001, 28),
(1, '2020-02-17', 1001, 30),
(1, '2020-02-17', 1001, 32),
(1, '2020-02-17', 1001, 34),
(1, '2020-02-17', 1001, 4),
(1, '2020-02-17', 1001, 8),
(1, '2020-02-17', 1001, 13),
(1, '2020-02-17', 1001, 17),
(1, '2020-02-17', 1001, 21),
(1, '2020-02-17', 1001, 27),
(1, '2020-02-17', 1001, 35),
(1, '2020-02-17', 1001, 37),
(1, '2020-02-17', 1001, 39),
(1, '2020-02-18', 1001, 1),
(1, '2020-02-18', 1001, 2),
(1, '2020-02-18', 1001, 6),
(1, '2020-02-18', 1001, 10),
(1, '2020-02-18', 1001, 12),
(1, '2020-02-18', 1001, 15),
(1, '2020-02-18', 1001, 18),
(1, '2020-02-18', 1001, 20),
(1, '2020-02-18', 1001, 23),
(1, '2020-02-18', 1001, 26),
(1, '2020-02-18', 1001, 29),
(1, '2020-02-18', 1001, 31),
(1, '2020-02-18', 1001, 33),
(1, '2020-02-18', 1001, 36),
(1, '2020-02-18', 1001, 38),
(1, '2020-02-18', 1001, 40),
(1, '2020-02-18', 1001, 3),
(1, '2020-02-18', 1001, 5),
(1, '2020-02-18', 1001, 7),
(1, '2020-02-18', 1001, 9),
(1, '2020-02-18', 1001, 11),
(1, '2020-02-18', 1001, 14),
(1, '2020-02-18', 1001, 16),
(1, '2020-02-18', 1001, 19),
(1, '2020-02-18', 1001, 24),
(1, '2020-02-18', 1001, 22),
(1, '2020-02-18', 1001, 25),
(1, '2020-02-18', 1001, 28),
(1, '2020-02-18', 1001, 30),
(1, '2020-02-18', 1001, 32),
(1, '2020-02-18', 1001, 34),
(1, '2020-02-18', 1001, 4),
(1, '2020-02-18', 1001, 8),
(1, '2020-02-18', 1001, 13),
(1, '2020-02-18', 1001, 17),
(1, '2020-02-18', 1001, 21),
(1, '2020-02-18', 1001, 27),
(1, '2020-02-18', 1001, 35),
(1, '2020-02-18', 1001, 37),
(1, '2020-02-18', 1001, 39);

-- --------------------------------------------------------

--
-- Table structure for table `class`
--

CREATE TABLE `class` (
  `Class_id` bigint(30) NOT NULL,
  `Name` varchar(30) NOT NULL,
  `Enrollment_key` varchar(50) NOT NULL DEFAULT '',
  `Class_session` varchar(30) DEFAULT NULL,
  `Start_date` date NOT NULL,
  `currenttime` varchar(15) NOT NULL,
  `Expire_date` date NOT NULL,
  `reg_status` tinyint(1) NOT NULL,
  `T_id` bigint(20) DEFAULT NULL
) ENGINE=InnoDB DEFAULT CHARSET=latin1;

--
-- Dumping data for table `class`
--

INSERT INTO `class` (`Class_id`, `Name`, `Enrollment_key`, `Class_session`, `Start_date`, `currenttime`, `Expire_date`, `reg_status`, `T_id`) VALUES
(1001, 'Msc_final', 'cs-2019', '2019-2020', '2020-02-19', '10:56:05 PM', '2020-08-17', 0, 1);

-- --------------------------------------------------------

--
-- Table structure for table `exam`
--

CREATE TABLE `exam` (
  `E_id` int(30) NOT NULL,
  `exam_term` varchar(50) NOT NULL,
  `exam_date` date NOT NULL,
  `total_marks` int(10) NOT NULL
) ENGINE=InnoDB DEFAULT CHARSET=utf8mb4;

--
-- Dumping data for table `exam`
--

INSERT INTO `exam` (`E_id`, `exam_term`, `exam_date`, `total_marks`) VALUES
(1, 'Mid Term', '2020-02-20', 30);

-- --------------------------------------------------------

--
-- Table structure for table `exam_record`
--

CREATE TABLE `exam_record` (
  `E_id` int(30) NOT NULL,
  `Class_id` bigint(30) NOT NULL,
  `S_id` bigint(30) NOT NULL,
  `obtained_marks` int(10) NOT NULL
) ENGINE=InnoDB DEFAULT CHARSET=utf8mb4;

--
-- Dumping data for table `exam_record`
--

INSERT INTO `exam_record` (`E_id`, `Class_id`, `S_id`, `obtained_marks`) VALUES
(1, 1001, 1, 22),
(1, 1001, 2, 30),
(1, 1001, 6, 24),
(1, 1001, 10, 19),
(1, 1001, 12, 16),
(1, 1001, 15, 26),
(1, 1001, 18, 12),
(1, 1001, 20, 12),
(1, 1001, 23, 12),
(1, 1001, 26, 12),
(1, 1001, 29, 1),
(1, 1001, 31, 12),
(1, 1001, 33, 21),
(1, 1001, 36, 2),
(1, 1001, 38, 1),
(1, 1001, 40, 12),
(1, 1001, 3, 2),
(1, 1001, 5, 11),
(1, 1001, 7, 2),
(1, 1001, 9, 20),
(1, 1001, 11, 1),
(1, 1001, 14, 21),
(1, 1001, 16, 21),
(1, 1001, 19, 2),
(1, 1001, 24, 21),
(1, 1001, 22, 21),
(1, 1001, 25, 1),
(1, 1001, 28, 1),
(1, 1001, 30, 21),
(1, 1001, 32, 2),
(1, 1001, 34, 12),
(1, 1001, 4, 11),
(1, 1001, 8, 1),
(1, 1001, 13, 2),
(1, 1001, 17, 21),
(1, 1001, 21, 21),
(1, 1001, 27, 3),
(1, 1001, 35, 6),
(1, 1001, 37, 3),
(1, 1001, 39, 3);

-- --------------------------------------------------------

--
-- Table structure for table `have`
--

CREATE TABLE `have` (
  `Subject_id` bigint(20) NOT NULL,
  `Class_id` bigint(30) NOT NULL,
  `S_id` bigint(30) NOT NULL
) ENGINE=InnoDB DEFAULT CHARSET=utf8mb4;

--
-- Dumping data for table `have`
--

INSERT INTO `have` (`Subject_id`, `Class_id`, `S_id`) VALUES
(1, 1001, 1),
(1, 1001, 2),
(1, 1001, 3),
(1, 1001, 4),
(1, 1001, 5),
(1, 1001, 6),
(1, 1001, 7),
(1, 1001, 8),
(1, 1001, 9),
(1, 1001, 10),
(1, 1001, 11),
(1, 1001, 12),
(1, 1001, 13),
(1, 1001, 14),
(1, 1001, 15),
(1, 1001, 16),
(1, 1001, 17),
(1, 1001, 18),
(1, 1001, 19),
(1, 1001, 20),
(1, 1001, 21),
(1, 1001, 22),
(1, 1001, 23),
(1, 1001, 24),
(1, 1001, 25),
(1, 1001, 26),
(1, 1001, 27),
(1, 1001, 28),
(1, 1001, 29),
(1, 1001, 30),
(1, 1001, 31),
(1, 1001, 32),
(1, 1001, 33),
(1, 1001, 34),
(1, 1001, 35),
(1, 1001, 36),
(1, 1001, 37),
(1, 1001, 38),
(1, 1001, 39),
(1, 1001, 40);

-- --------------------------------------------------------

--
-- Table structure for table `links`
--

CREATE TABLE `links` (
  `L_id` int(20) NOT NULL,
  `link` varchar(300) NOT NULL,
  `description` varchar(200) NOT NULL,
  `ldate` date NOT NULL,
  `Class_id` bigint(30) NOT NULL
) ENGINE=InnoDB DEFAULT CHARSET=utf8mb4;

-- --------------------------------------------------------

--
-- Table structure for table `notification`
--

CREATE TABLE `notification` (
  `id` int(20) NOT NULL,
  `title` varchar(200) NOT NULL,
  `msg` varchar(800) NOT NULL,
  `cdate` date NOT NULL,
  `expire_date` date NOT NULL,
  `Class_id` bigint(30) NOT NULL
) ENGINE=InnoDB DEFAULT CHARSET=utf8mb4;

-- --------------------------------------------------------

--
-- Table structure for table `presentation`
--

CREATE TABLE `presentation` (
  `P_id` bigint(20) NOT NULL,
  `p_topic` varchar(80) NOT NULL,
  `p_date` date NOT NULL,
  `p_time` bigint(30) NOT NULL,
  `pt_marks` int(20) NOT NULL
) ENGINE=InnoDB DEFAULT CHARSET=utf8mb4;

-- --------------------------------------------------------

--
-- Table structure for table `presentation_record`
--

CREATE TABLE `presentation_record` (
  `P_id` bigint(20) NOT NULL,
  `Class_id` bigint(30) NOT NULL,
  `S_id` bigint(30) NOT NULL,
  `po_marks` int(10) NOT NULL
) ENGINE=InnoDB DEFAULT CHARSET=utf8mb4;

-- --------------------------------------------------------

--
-- Table structure for table `quize`
--

CREATE TABLE `quize` (
  `Q_id` bigint(20) NOT NULL,
  `q_topic` varchar(80) NOT NULL,
  `q_date` date NOT NULL,
  `q_time` bigint(20) NOT NULL,
  `qt_marks` int(10) NOT NULL
) ENGINE=InnoDB DEFAULT CHARSET=utf8mb4;

-- --------------------------------------------------------

--
-- Table structure for table `quiz_record`
--

CREATE TABLE `quiz_record` (
  `Q_id` bigint(20) NOT NULL,
  `Class_id` bigint(30) NOT NULL,
  `S_id` bigint(30) NOT NULL,
  `qo_marks` int(10) NOT NULL
) ENGINE=InnoDB DEFAULT CHARSET=utf8mb4;

-- --------------------------------------------------------

--
-- Table structure for table `register`
--

CREATE TABLE `register` (
  `Class_id` bigint(30) NOT NULL,
  `S_id` bigint(30) NOT NULL,
  `Reg_no` int(20) NOT NULL,
  `Enrollment_key` varchar(50) NOT NULL
) ENGINE=InnoDB DEFAULT CHARSET=latin1;

--
-- Dumping data for table `register`
--

INSERT INTO `register` (`Class_id`, `S_id`, `Reg_no`, `Enrollment_key`) VALUES
(1001, 1, 1, 'cs-2019'),
(1001, 2, 2, 'cs-2019'),
(1001, 3, 17, 'cs-2019'),
(1001, 4, 32, 'cs-2019'),
(1001, 5, 18, 'cs-2019'),
(1001, 6, 3, 'cs-2019'),
(1001, 7, 19, 'cs-2019'),
(1001, 8, 33, 'cs-2019'),
(1001, 9, 20, 'cs-2019'),
(1001, 10, 4, 'cs-2019'),
(1001, 11, 21, 'cs-2019'),
(1001, 12, 5, 'cs-2019'),
(1001, 13, 34, 'cs-2019'),
(1001, 14, 22, 'cs-2019'),
(1001, 15, 6, 'cs-2019'),
(1001, 16, 23, 'cs-2019'),
(1001, 17, 35, 'cs-2019'),
(1001, 18, 7, 'cs-2019'),
(1001, 19, 24, 'cs-2019'),
(1001, 20, 8, 'cs-2019'),
(1001, 21, 36, 'cs-2019'),
(1001, 22, 26, 'cs-2019'),
(1001, 23, 9, 'cs-2019'),
(1001, 24, 25, 'cs-2019'),
(1001, 25, 27, 'cs-2019'),
(1001, 26, 10, 'cs-2019'),
(1001, 27, 37, 'cs-2019'),
(1001, 28, 28, 'cs-2019'),
(1001, 29, 11, 'cs-2019'),
(1001, 30, 29, 'cs-2019'),
(1001, 31, 12, 'cs-2019'),
(1001, 32, 30, 'cs-2019'),
(1001, 33, 13, 'cs-2019'),
(1001, 34, 31, 'cs-2019'),
(1001, 35, 38, 'cs-2019'),
(1001, 36, 14, 'cs-2019'),
(1001, 37, 39, 'cs-2019'),
(1001, 38, 15, 'cs-2019'),
(1001, 39, 40, 'cs-2019'),
(1001, 40, 16, 'cs-2019');

-- --------------------------------------------------------

--
-- Table structure for table `slide`
--

CREATE TABLE `slide` (
  `id` int(11) NOT NULL,
  `topic` varchar(100) NOT NULL,
  `c_date` date NOT NULL,
  `file` varchar(100) NOT NULL,
  `Class_id` bigint(30) NOT NULL
) ENGINE=InnoDB DEFAULT CHARSET=latin1;

-- --------------------------------------------------------

--
-- Table structure for table `student`
--

CREATE TABLE `student` (
  `S_id` bigint(30) NOT NULL,
  `student_name` varchar(50) NOT NULL,
  `Email` varchar(50) NOT NULL,
  `password` varchar(50) NOT NULL,
  `security_question` varchar(50) NOT NULL,
  `question_answer` varchar(30) NOT NULL
) ENGINE=InnoDB DEFAULT CHARSET=latin1;

--
-- Dumping data for table `student`
--

INSERT INTO `student` (`S_id`, `student_name`, `Email`, `password`, `security_question`, `question_answer`) VALUES
(1, 'Samreen  Qamar', 'samreen@gmail.com', 'qazwsxedc', 'What is your bestfriend name?', 'nazia'),
(2, 'Muhammad  Sajid', 'sajid@gmail.com', '123456789', 'What is your favorite food?', 'Alu parata'),
(3, 'Zar  Muhammad', 'zaro@gmail.com', '123456789', 'What is your bestfriend name?', 'Fahad'),
(4, 'Yasir Khan', 'yasirkhan@gmail.com', '123456789', 'What is your bestfriend name?', 'sajid'),
(5, 'Fahad Aslam', 'fadi@gmail.com', 'qwertyuiop', 'What city were you born in?', 'Lakki'),
(6, 'Nazia  Noor ', 'nazia123@gmail.com', 'qwertyuiop', 'What is your bestfriend name?', 'samreen'),
(7, 'Aziz Ullah', 'azizullah@gmial.com', '1234567890', 'What Is your favorite book?', 'Quran'),
(8, 'Imad Ullah', 'imadullah@gmail.com', '123456789', 'What is your favorite food?', 'chicken baryani'),
(9, 'Sara  Hussain', 'sarakhan@gmail.com', 'zxcvbnm,', 'What is your favorite food?', 'banana'),
(10, 'Uzma Swatai', 'uzma@gmail.com', 'asdfghjkl', 'What is Your Childhood School name?', 'no thang'),
(11, 'Ihsan Ullah', 'ihsasno@gmail.com', '123456789', 'What is your bestfriend name?', 'Kashif Rehamn'),
(12, 'Arfan Usaf', 'arfan2020@gmail.com', '123456789', 'What is your favorite food?', 'chawal'),
(13, 'Usman Afridi', 'usmanafridi@gmail.com', '123456789', 'What city were you born in?', 'karak'),
(14, 'Muhammad Awais ', 'apkaawais@gmail.com', '123456789', 'What is your favorite food?', 'penda'),
(15, 'Sana Sajjad', 'sana2020@gmail.com', 'asdfghjkl', 'What is the name of the road you grew up on?', 'peshawar'),
(16, 'Muhammad Faisal', 'faisal@gmail.com', '123456789', 'What is your favorite food?', 'Milk'),
(17, 'Dawood Jan', 'dawoodjan@gmail.com', '123456789', 'What Is your favorite book?', 'quran'),
(18, 'Habib  Shawariii', 'habibshanwari@gmail.com', '123456789', 'What city were you born in?', 'landokotal'),
(19, 'Faheem Ullah', 'faheem@gmail.com', '123456789', 'What is your bestfriend name?', 'Kashif'),
(20, 'Amna  Bibi', 'amnabibi@gmail.com', '1234567890', 'What is your favorite food?', 'love'),
(21, 'Mohammad Ijaz', 'mohammadijaz@gmail.com', '123456789', 'What is your Childhood friend name?', 'asif'),
(22, 'Sajjid Ali', 'sajjid@gmail.com', '123456789', 'What is your favorite food?', 'Tension'),
(23, 'Rayaz Khan', 'rayazkhan123@gmail.com', 'pl,okmijn', 'What city were you born in?', 'charsada'),
(24, 'Habib Rehman', 'habib@gmail.com', '1234567890', 'What is your Childhood friend name?', 'Naiz'),
(25, 'Rahat Shah', 'rahati@gmail.com', '123456789', 'What is your bestfriend name?', 'Zeeshan'),
(26, 'Hasena Bibi', 'hasena@gmail.com', 'hasena@gmail.com', 'What is Your Childhood School name?', 'cousin'),
(27, 'Tahir Hussain', 'tahirhussain@gmail.com', '123456789', 'What Is your favorite book?', 'Ai'),
(28, 'Akhter Ali', 'Ali@gmail.com', 'Ali@gmail.com', 'What Is your favorite book?', 'PHP'),
(29, 'Sajjad Iqbal', 'sajjadiqbal@gmail.com', 'sajjadiqbal@gmail.com', 'What Is your favorite book?', 'quran'),
(30, 'Hameed Ullah', 'hammed@gmail.com', 'hammed@gmail.com', 'What is your Childhood friend name?', 'Sajid'),
(31, 'Kashif Rehman', 'kashifrehman@gmail.com', 'kashifrehman@gmail.com', 'What Is your favorite book?', 'parata'),
(32, 'Jamshed Ali', 'JAli@gmail.com', 'Ali@gmail.com', 'What is your Childhood friend name?', 'Kashi'),
(33, 'Ibrar Hussain', 'ibrarhussain@gmail.com', 'ibrarhussain@gmail.com', 'What Is your favorite book?', 'mangoo'),
(34, 'Noman Khan', 'Nomani@gmail.com', 'Nomani@gmail.com', 'What is your favorite food?', 'Chicken'),
(35, 'Akhter Muneer', 'akhtermuneer@gmail.com', '123456789', 'What is your favorite food?', 'rise'),
(36, 'Zeeshan Khan', 'zeshan@gmail.com', 'zeshan@gmail.com', 'What Is your favorite book?', 'banana'),
(37, 'Abdul Basir', 'abdulbasir@gmail.com', '123456789', 'What is your bestfriend name?', 'ajmal'),
(38, 'Shahab Nasir', 'shahabnasir@gmail.com', 'shahabnasir@gmail.com', 'Where did you go to high school/college?', 'uop'),
(39, 'Palwasha Nihal', 'palwasha@gmail.com', 'palwasha@gmail.com', 'What city were you born in?', 'Latamber'),
(40, 'Muhammad Asif', 'muhammadasif@gmail.com', '123456789', 'What is your bestfriend name?', 'tariq');

-- --------------------------------------------------------

--
-- Table structure for table `subject`
--

CREATE TABLE `subject` (
  `Subject_id` bigint(20) NOT NULL,
  `subject_name` varchar(80) NOT NULL
) ENGINE=InnoDB DEFAULT CHARSET=utf8mb4;

--
-- Dumping data for table `subject`
--

INSERT INTO `subject` (`Subject_id`, `subject_name`) VALUES
(1, 'intruduction to computer');

-- --------------------------------------------------------

--
-- Table structure for table `teacher`
--

CREATE TABLE `teacher` (
  `T_id` bigint(20) NOT NULL,
  `Name` varchar(40) NOT NULL,
  `Contact_no` bigint(20) NOT NULL,
  `Cnic` varchar(20) NOT NULL,
  `Institute_name` varchar(80) NOT NULL,
  `Country` varchar(40) NOT NULL,
  `City` varchar(30) NOT NULL,
  `Email` varchar(50) NOT NULL,
  `Password` varchar(80) NOT NULL,
  `security_question` varchar(50) NOT NULL,
  `question_answer` varchar(30) NOT NULL
) ENGINE=InnoDB DEFAULT CHARSET=latin1;

--
-- Dumping data for table `teacher`
--

INSERT INTO `teacher` (`T_id`, `Name`, `Contact_no`, `Cnic`, `Institute_name`, `Country`, `City`, `Email`, `Password`, `security_question`, `question_answer`) VALUES
(1, 'Sajid Khattak', 3102093992, '1420279089405', 'University Of Peshawar', 'Pakistan', 'Peshawar', 'sajid@gmail.com', '1234567890', 'What Is your favorite book?', 'php');

--
-- Indexes for dumped tables
--

--
-- Indexes for table `admin`
--
ALTER TABLE `admin`
  ADD PRIMARY KEY (`id`);

--
-- Indexes for table `assignment`
--
ALTER TABLE `assignment`
  ADD PRIMARY KEY (`A_id`);

--
-- Indexes for table `attendence`
--
ALTER TABLE `attendence`
  ADD PRIMARY KEY (`AT_id`);

--
-- Indexes for table `class`
--
ALTER TABLE `class`
  ADD PRIMARY KEY (`Class_id`,`Enrollment_key`),
  ADD KEY `T_id` (`T_id`),
  ADD KEY `Enrollment_key` (`Enrollment_key`),
  ADD KEY `Enrollment_key_2` (`Enrollment_key`),
  ADD KEY `Enrollment_key_3` (`Enrollment_key`);

--
-- Indexes for table `exam`
--
ALTER TABLE `exam`
  ADD PRIMARY KEY (`E_id`);

--
-- Indexes for table `have`
--
ALTER TABLE `have`
  ADD KEY `Class_id` (`Class_id`),
  ADD KEY `have_ibfk_2` (`Subject_id`),
  ADD KEY `S_id` (`S_id`);

--
-- Indexes for table `links`
--
ALTER TABLE `links`
  ADD PRIMARY KEY (`L_id`);

--
-- Indexes for table `notification`
--
ALTER TABLE `notification`
  ADD PRIMARY KEY (`id`);

--
-- Indexes for table `presentation`
--
ALTER TABLE `presentation`
  ADD PRIMARY KEY (`P_id`);

--
-- Indexes for table `quize`
--
ALTER TABLE `quize`
  ADD PRIMARY KEY (`Q_id`);

--
-- Indexes for table `register`
--
ALTER TABLE `register`
  ADD PRIMARY KEY (`Class_id`,`S_id`,`Enrollment_key`),
  ADD KEY `Class_id` (`Class_id`,`S_id`),
  ADD KEY `Reg_id` (`S_id`),
  ADD KEY `enrollment_key` (`Enrollment_key`);

--
-- Indexes for table `slide`
--
ALTER TABLE `slide`
  ADD PRIMARY KEY (`id`);

--
-- Indexes for table `student`
--
ALTER TABLE `student`
  ADD PRIMARY KEY (`S_id`,`Email`);

--
-- Indexes for table `subject`
--
ALTER TABLE `subject`
  ADD PRIMARY KEY (`Subject_id`);

--
-- Indexes for table `teacher`
--
ALTER TABLE `teacher`
  ADD PRIMARY KEY (`T_id`,`Email`);

--
-- AUTO_INCREMENT for dumped tables
--

--
-- AUTO_INCREMENT for table `admin`
--
ALTER TABLE `admin`
  MODIFY `id` int(10) NOT NULL AUTO_INCREMENT, AUTO_INCREMENT=2;

--
-- AUTO_INCREMENT for table `assignment`
--
ALTER TABLE `assignment`
  MODIFY `A_id` bigint(20) NOT NULL AUTO_INCREMENT;

--
-- AUTO_INCREMENT for table `attendence`
--
ALTER TABLE `attendence`
  MODIFY `AT_id` int(10) NOT NULL AUTO_INCREMENT, AUTO_INCREMENT=4;

--
-- AUTO_INCREMENT for table `class`
--
ALTER TABLE `class`
  MODIFY `Class_id` bigint(30) NOT NULL AUTO_INCREMENT, AUTO_INCREMENT=1002;

--
-- AUTO_INCREMENT for table `exam`
--
ALTER TABLE `exam`
  MODIFY `E_id` int(30) NOT NULL AUTO_INCREMENT, AUTO_INCREMENT=2;

--
-- AUTO_INCREMENT for table `links`
--
ALTER TABLE `links`
  MODIFY `L_id` int(20) NOT NULL AUTO_INCREMENT;

--
-- AUTO_INCREMENT for table `notification`
--
ALTER TABLE `notification`
  MODIFY `id` int(20) NOT NULL AUTO_INCREMENT;

--
-- AUTO_INCREMENT for table `presentation`
--
ALTER TABLE `presentation`
  MODIFY `P_id` bigint(20) NOT NULL AUTO_INCREMENT;

--
-- AUTO_INCREMENT for table `quize`
--
ALTER TABLE `quize`
  MODIFY `Q_id` bigint(20) NOT NULL AUTO_INCREMENT;

--
-- AUTO_INCREMENT for table `slide`
--
ALTER TABLE `slide`
  MODIFY `id` int(11) NOT NULL AUTO_INCREMENT;

--
-- AUTO_INCREMENT for table `student`
--
ALTER TABLE `student`
  MODIFY `S_id` bigint(30) NOT NULL AUTO_INCREMENT, AUTO_INCREMENT=41;

--
-- AUTO_INCREMENT for table `subject`
--
ALTER TABLE `subject`
  MODIFY `Subject_id` bigint(20) NOT NULL AUTO_INCREMENT, AUTO_INCREMENT=2;

--
-- AUTO_INCREMENT for table `teacher`
--
ALTER TABLE `teacher`
  MODIFY `T_id` bigint(20) NOT NULL AUTO_INCREMENT, AUTO_INCREMENT=2;
COMMIT;

/*!40101 SET CHARACTER_SET_CLIENT=@OLD_CHARACTER_SET_CLIENT */;
/*!40101 SET CHARACTER_SET_RESULTS=@OLD_CHARACTER_SET_RESULTS */;
/*!40101 SET COLLATION_CONNECTION=@OLD_COLLATION_CONNECTION */;
